<?xml version="1.0" encoding="UTF-8"?>
<menus>
	<!-- Icon browse sources for button 306 -->
	<icons>special://skin/extras/icons/</icons>
	<!-- Disable context menu -->
	<contextmenu>false</contextmenu>
	<!-- Sub-dialog definitions for management dialog -->
	<dialogs>
		<subdialog buttonID="800" mode="widget1" setfocus="309">
			<!-- After widget picker closes, auto-open custom widget editor if widgetType=custom -->
			<onclose condition="widgetType=custom" action="menu" menu="{item}.customwidget"/>
		</subdialog>
		<subdialog buttonID="801" mode="widget2" suffix=".2" setfocus="309">
			<!-- After widget picker closes, auto-open custom widget editor if widgetType.2=custom -->
			<onclose condition="widgetType.2=custom" action="menu" menu="{item}.customwidget.2"/>
		</subdialog>
	</dialogs>
	<!-- Main Menu -->
	<menu name="mainmenu" container="9000">
		<item name="pictures">
			<label>$LOCALIZE[1]</label>
			<action>ActivateWindow(Pictures,return)</action>
			<icon>special://skin/extras/icons/DefaultPicture.png</icon>
		</item>
		<item name="music" submenu="music">
			<label>$LOCALIZE[2]</label>
			<action condition="Library.HasContent(music)">ActivateWindow(Music,musicdb://,return)</action>
			<action condition="!Library.HasContent(music)">ActivateWindow(Music,files)</action>
			<icon>special://skin/extras/icons/DefaultAudio.png</icon>
		</item>
		<item name="movies" submenu="movies">
			<label>$LOCALIZE[20342]</label>
			<action condition="Library.HasContent(movies)">ActivateWindow(Videos,videodb://movies/titles/,return)</action>
			<action condition="!Library.HasContent(movies)">ActivateWindow(Videos,files,return)</action>
			<icon>special://skin/extras/icons/DefaultMovies.png</icon>
		</item>
		<item name="tvshows" submenu="tvshows">
			<label>$LOCALIZE[20343]</label>
			<action condition="Library.HasContent(tvshows)">ActivateWindow(Videos,videodb://tvshows/titles/,return)</action>
			<action condition="!Library.HasContent(tvshows)">ActivateWindow(Videos,files,return)</action>
			<icon>special://skin/extras/icons/DefaultTVShows.png</icon>
		</item>
		<item name="livetv" submenu="livetv">
			<label>$LOCALIZE[31502]</label>
			<action condition="System.HasPVRAddon">ActivateWindow(TVChannels)</action>
			<action condition="!System.HasPVRAddon">ActivateWindow(addonbrowser,addons://default_binary_addons_source/kodi.pvrclient,return)</action>
			<icon>special://skin/extras/icons/DefaultAddonPVRClient.png</icon>
		</item>
		<item name="videos" submenu="videos">
			<label>$LOCALIZE[3]</label>
			<action>ActivateWindow(Videos,root)</action>
			<icon>special://skin/extras/icons/DefaultVideo.png</icon>
		</item>
		<item name="programs" submenu="programs">
			<label>$LOCALIZE[31957]</label>
			<action>ActivateWindow(1133)</action>
			<icon>special://skin/extras/icons/DefaultAddon.png</icon>
		</item>
		<item name="games" submenu="games">
			<label>$LOCALIZE[15016]</label>
			<action>ActivateWindow(Games)</action>
			<icon>special://skin/extras/icons/DefaultGames.png</icon>
			<visible>System.GetBool(gamesgeneral.enable)</visible>
		</item>
		<item name="settings" submenu="settings">
			<label>$LOCALIZE[13000]</label>
			<action>ActivateWindow(Settings)</action>
			<icon>special://skin/extras/icons/DefaultAddonService.png</icon>
			<protect type="all" heading="$LOCALIZE[19098]" message="$LOCALIZE[31377]"/>
		</item>
		<item name="search" submenu="search">
			<label>$LOCALIZE[137]</label>
			<action>ActivateWindow(1129)</action>
			<icon>special://skin/extras/icons/DefaultAddonsSearch.png</icon>
		</item>
		<item name="playdisc" submenu="playdisc" visible="System.HasMediaDVD | System.HasMediaAudioCD">
			<label>$LOCALIZE[341]</label>
			<action>PlayDisc</action>
			<icon>special://skin/extras/icons/Disc.png</icon>
			<visible>System.HasMediaDVD</visible>
		</item>
		<item name="power" submenu="power">
			<label>$LOCALIZE[33060]</label>
			<action>ActivateWindow(shutdownmenu)</action>
			<icon>special://skin/extras/icons/power.png</icon>
		</item>
		<item name="favourites">
			<label>$LOCALIZE[1036]</label>
			<action>ActivateWindow(FavouritesBrowser)</action>
			<icon>special://skin/extras/icons/Favorites.png</icon>
		</item>
		<item name="weather" submenu="weather">
			<label>$LOCALIZE[12600]</label>
			<action condition="!String.IsEmpty(Weather.Plugin)">ActivateWindow(Weather)</action>
			<action condition="String.IsEmpty(Weather.Plugin)">ActivateWindow(ServiceSettings,weather)</action>
			<icon>special://skin/extras/icons/DefaultAddonWeather.png</icon>
		</item>
		<item name="musicvideos" submenu="musicvideos">
			<label>$LOCALIZE[20389]</label>
			<action condition="Library.HasContent(musicvideos)">ActivateWindow(Videos,videodb://musicvideos/titles/,return)</action>
			<action condition="!Library.HasContent(musicvideos)">ActivateWindow(Videos,files,return)</action>
			<icon>special://skin/extras/icons/DefaultMusicVideos.png</icon>
		</item>
	</menu>
	<!-- Movies Submenu -->
	<submenu name="movies">
		<item name="movies-unwatched">
			<label>$LOCALIZE[16101]</label>
			<action>ActivateWindow(Videos,special://skin/extras/playlists/unwatchedmovies.xsp,return)</action>
		</item>
		<item name="movies-inprogress">
			<label>$LOCALIZE[575]</label>
			<action>ActivateWindow(Videos,special://skin/extras/playlists/inprogressmovies.xsp,return)</action>
		</item>
		<item name="movies-recent">
			<label>$LOCALIZE[31328]</label>
			<action>ActivateWindow(Videos,videodb://recentlyaddedmovies/,return)</action>
		</item>
		<item name="movies-sets">
			<label>$LOCALIZE[20434]</label>
			<action>ActivateWindow(Videos,videodb://movies/sets/,return)</action>
		</item>
		<item name="movies-genres">
			<label>$LOCALIZE[135]</label>
			<action>ActivateWindow(Videos,videodb://movies/genres/,return)</action>
		</item>
		<item name="movies-years">
			<label>$LOCALIZE[652]</label>
			<action>ActivateWindow(Videos,videodb://movies/years/,return)</action>
		</item>
		<item name="movies-actors">
			<label>$LOCALIZE[344]</label>
			<action>ActivateWindow(Videos,videodb://movies/actors/,return)</action>
		</item>
		<item name="movies-tags">
			<label>$LOCALIZE[20459]</label>
			<action>ActivateWindow(Videos,videodb://movies/tags/,return)</action>
		</item>
	</submenu>
	<!-- TV Shows Submenu -->
	<submenu name="tvshows">
		<item name="tvshows-inprogress">
			<label>$LOCALIZE[575]</label>
			<action>ActivateWindow(Videos,videodb://inprogresstvshows/,return)</action>
		</item>
		<item name="tvshows-recent">
			<label>$LOCALIZE[31328]</label>
			<action>ActivateWindow(Videos,videodb://recentlyaddedepisodes/,return)</action>
		</item>
		<item name="tvshows-genres">
			<label>$LOCALIZE[135]</label>
			<action>ActivateWindow(Videos,videodb://tvshows/genres/,return)</action>
		</item>
		<item name="tvshows-years">
			<label>$LOCALIZE[652]</label>
			<action>ActivateWindow(Videos,videodb://tvshows/years/,return)</action>
		</item>
		<item name="tvshows-actors">
			<label>$LOCALIZE[344]</label>
			<action>ActivateWindow(Videos,videodb://tvshows/actors/,return)</action>
		</item>
	</submenu>
	<!-- Music Submenu -->
	<submenu name="music">
		<item name="music-artists">
			<label>$LOCALIZE[133]</label>
			<action>ActivateWindow(Music,musicdb://artists/,return)</action>
		</item>
		<item name="music-albums">
			<label>$LOCALIZE[132]</label>
			<action>ActivateWindow(Music,musicdb://albums/,return)</action>
		</item>
		<item name="music-songs">
			<label>$LOCALIZE[134]</label>
			<action>ActivateWindow(Music,musicdb://songs/,return)</action>
		</item>
		<item name="music-files">
			<label>$LOCALIZE[744]</label>
			<action>ActivateWindow(Music,sources://music/,return)</action>
		</item>
		<item name="music-addons">
			<label>$LOCALIZE[24001]</label>
			<action>ActivateWindow(Music,addons://sources/audio/,return)</action>
		</item>
		<item name="music-library">
			<label>$LOCALIZE[14022]</label>
			<action>ActivateWindow(Music,musicdb://)</action>
		</item>
	</submenu>
	<!-- Music Videos Submenu -->
	<submenu name="musicvideos">
		<item name="musicvideos-artists">
			<label>$LOCALIZE[133]</label>
			<action>ActivateWindow(Videos,videodb://musicvideos/artists/,return)</action>
		</item>
		<item name="musicvideos-genres">
			<label>$LOCALIZE[135]</label>
			<action>ActivateWindow(Videos,videodb://musicvideos/genres,return)</action>
		</item>
		<item name="musicvideos-recent">
			<label>$LOCALIZE[31328]</label>
			<action>ActivateWindow(Videos,videodb://recentlyaddedmusicvideos/,return)</action>
		</item>
		<item name="musicvideos-years">
			<label>$LOCALIZE[652]</label>
			<action>ActivateWindow(Videos,videodb://musicvideos/years/,return)</action>
		</item>
		<item name="musicvideos-tags">
			<label>$LOCALIZE[20459]</label>
			<action>ActivateWindow(Videos,videodb://musicvideos/tags/,return)</action>
		</item>
	</submenu>
	<!-- Videos Submenu -->
	<submenu name="videos">
		<item name="videos-movies">
			<label>$LOCALIZE[20342]</label>
			<action>ActivateWindow(Videos,Movies,root)</action>
		</item>
		<item name="videos-tvshows">
			<label>$LOCALIZE[20343]</label>
			<action>ActivateWindow(Videos,TvShows,root)</action>
		</item>
		<item name="videos-addons">
			<label>$LOCALIZE[24001]</label>
			<action>ActivateWindow(Videos,Addons,return)</action>
		</item>
		<item name="videos-files">
			<label>$LOCALIZE[744]</label>
			<action>ActivateWindow(Videos,Files,return)</action>
		</item>
		<item name="videos-playlists">
			<label>$LOCALIZE[136]</label>
			<action>ActivateWindow(Videos,Playlists,return)</action>
		</item>
		<item name="videos-library">
			<label>$LOCALIZE[14022]</label>
			<action>ActivateWindow(Videos,Root)</action>
		</item>
	</submenu>
	<!-- Live TV Submenu -->
	<submenu name="livetv">
		<item name="livetv-radio">
			<label>$LOCALIZE[19024]</label>
			<action>ActivateWindow(RadioChannels)</action>
		</item>
		<item name="livetv-channels">
			<label>$LOCALIZE[19023]</label>
			<action>ActivateWindow(TVChannels)</action>
		</item>
		<item name="livetv-guide">
			<label>$LOCALIZE[19069]</label>
			<action>ActivateWindow(TVGuide)</action>
		</item>
		<item name="livetv-recordings">
			<label>$LOCALIZE[19163]</label>
			<action>ActivateWindow(TVRecordings)</action>
		</item>
		<item name="livetv-timers">
			<label>$LOCALIZE[19040]</label>
			<action>ActivateWindow(TVTimers)</action>
		</item>
	</submenu>
	<!-- Programs Submenu -->
	<submenu name="programs">
		<item name="programs-music-addons">
			<label>$LOCALIZE[1038]</label>
			<action>ActivateWindow(Music,Addons,return)</action>
		</item>
		<item name="programs-video-addons">
			<label>$LOCALIZE[1037]</label>
			<action>ActivateWindow(Videos,Addons,return)</action>
		</item>
		<item name="programs-addonbrowser">
			<label>$LOCALIZE[10040]</label>
			<action>ActivateWindow(Addonbrowser)</action>
		</item>
		<item name="programs-addons">
			<label>$LOCALIZE[1043]</label>
			<action>ActivateWindow(Programs,Addons,return)</action>
		</item>
		<item name="programs-picture-addons">
			<label>$LOCALIZE[1039]</label>
			<action>ActivateWindow(Pictures,Addons,return)</action>
		</item>
	</submenu>
	<!-- Games Submenu -->
	<submenu name="games">
	</submenu>
	<!-- Settings Submenu -->
	<submenu name="settings">
		<item name="settings-systeminfo">
			<label>$LOCALIZE[130]</label>
			<action>ActivateWindow(SystemInfo)</action>
		</item>
		<item name="settings-shutdown">
			<label>$LOCALIZE[33060]</label>
			<action>ActivateWindow(shutdownmenu)</action>
		</item>
		<item name="settings-skin">
			<label>$LOCALIZE[20077]</label>
			<action>ActivateWindow(SkinSettings)</action>
			<protect type="all" heading="$LOCALIZE[19098]" message="$LOCALIZE[31377]"/>
		</item>
		<item name="settings-filemanager">
			<label>$LOCALIZE[7]</label>
			<action>ActivateWindow(FileManager)</action>
		</item>
		<item name="settings-profiles">
			<label>$LOCALIZE[13200]</label>
			<action>ActivateWindow(Profiles)</action>
		</item>
		<item name="settings-eventlog">
			<label>$LOCALIZE[31159]</label>
			<action>ActivateWindow(Eventlog)</action>
		</item>
	</submenu>
	<!-- Search Submenu -->
	<submenu name="search">
	</submenu>
	<!-- Play Disc Submenu -->
	<submenu name="playdisc">
	</submenu>
	<!-- Power Submenu -->
	<submenu name="power">
		<item name="power-shutdown">
			<label>$LOCALIZE[13016]</label>
			<action>Powerdown()</action>
		</item>
		<item name="power-reboot">
			<label>$LOCALIZE[13013]</label>
			<action>Reset()</action>
		</item>
		<item name="power-suspend">
			<label>$LOCALIZE[13011]</label>
			<action>Suspend()</action>
		</item>
		<item name="power-hibernate">
			<label>$LOCALIZE[13010]</label>
			<action>Hibernate()</action>
		</item>
		<item name="power-logoff">
			<label>$LOCALIZE[20126]</label>
			<action>System.LogOff</action>
		</item>
		<item name="power-quit">
			<label>$LOCALIZE[13009]</label>
			<action>Quit()</action>
		</item>
	</submenu>
	<!-- Weather Submenu -->
	<submenu name="weather">
	</submenu>
	<!-- Button Menu -->
	<menu name="buttonmenu" controltype="button">
		<defaults>
			<skinshortcuts include="ButtonMenuCommonValues" />
		</defaults>
		<allow widgets="false" backgrounds="false" submenus="false"/>
		<item name="button-quit" visible="System.ShowExitButton">
			<label>$LOCALIZE[13012]</label>
			<action>Quit()</action>
			<visible>System.ShowExitButton</visible>
		</item>
		<item name="button-shutdown" visible="System.CanPowerDown">
			<label>$LOCALIZE[13016]</label>
			<action>Powerdown()</action>
			<visible>System.CanPowerDown</visible>
		</item>
		<item name="button-sleeptimer" visible="System.CanPowerDown | System.CanSuspend | System.CanHibernate">
			<label>$LOCALIZE[20150]</label>
			<action>AlarmClock(shutdowntimer,Shutdown())</action>
			<visible>!System.HasAlarm(shutdowntimer)</visible>
			<visible>System.CanPowerDown | System.CanSuspend | System.CanHibernate</visible>
		</item>
		<item name="button-canceltimer" visible="System.CanPowerDown | System.CanSuspend | System.CanHibernate">
			<label>$LOCALIZE[20151]</label>
			<label2>$INFO[System.Alarmpos, (,)]</label2>
			<action>CancelAlarm(shutdowntimer)</action>
			<visible>System.HasAlarm(shutdowntimer)</visible>
		</item>
		<item name="button-suspend" visible="System.CanSuspend">
			<label>$LOCALIZE[13011]</label>
			<onclick>Dialog.Close(shutdownmenu)</onclick>
			<action>Suspend()</action>
			<visible>System.CanSuspend</visible>
		</item>
		<item name="button-hibernate" visible="System.CanHibernate">
			<label>$LOCALIZE[13010]</label>
			<onclick>Dialog.Close(shutdownmenu)</onclick>
			<action>Hibernate()</action>
			<visible>System.CanHibernate</visible>
		</item>
		<item name="button-rebootfromnand" visible="System.HasAddon(service.libreelec.settings) | System.HasAddon(service.coreelec.settings)">
			<label>$LOCALIZE[31576]</label>
			<action>System.ExecWait("/usr/sbin/rebootfromnand")</action>
			<action>Reboot()</action>
			<visible>System.HasAddon(service.libreelec.settings) | System.HasAddon(service.coreelec.settings)</visible>
		</item>
		<item name="button-reboot" visible="System.CanReboot">
			<label>$LOCALIZE[13013]</label>
			<action>Reset()</action>
			<visible>System.CanReboot</visible>
		</item>
		<item name="button-logoff" visible="System.Loggedon + [System.HasLoginScreen | Integer.IsGreater(System.ProfileCount,1)]">
			<label>$LOCALIZE[20126]</label>
			<label2>$INFO[system.profilename]</label2>
			<onclick>dialog.close(all,true)</onclick>
			<action>System.LogOff</action>
			<visible>System.Loggedon + [System.HasLoginScreen | Integer.IsGreater(System.ProfileCount,1)]</visible>
		</item>
		<item name="button-masterunlock" visible="System.HasLocks">
			<label>$LOCALIZE[20046]</label>
			<action>Mastermode</action>
			<visible>System.HasLocks + System.IsMaster</visible>
		</item>
		<item name="button-masterlock" visible="System.HasLocks">
			<label>$LOCALIZE[20045]</label>
			<action>Mastermode</action>
			<visible>System.HasLocks + !System.IsMaster</visible>
		</item>
		<item name="button-inhibit-on" visible="System.HasShutdown">
			<label>$LOCALIZE[13017]</label>
			<action>InhibitIdleShutdown(true)</action>
			<visible>System.HasShutdown +!System.IdleShutdownInhibited</visible>
		</item>
		<item name="button-inhibit-off" visible="System.HasShutdownSystem.HasShutdown">
			<label>$LOCALIZE[13018]</label>
			<action>InhibitIdleShutdown(false)</action>
			<visible>System.HasShutdown + System.IdleShutdownInhibited</visible>
		</item>
		<item name="button-favourites">
			<label>$LOCALIZE[1036]</label>
			<action>Dialog.Close(all,true)</action>
			<action>ActivateWindow(favouritesbrowser)</action>
		</item>
		<item name="button-reloadskin">
			<label>$LOCALIZE[20183]</label>
			<action>ReloadSkin()</action>
		</item>
		<item name="button-skinsettings">
			<label>$LOCALIZE[20077]</label>
			<action>Dialog.Close(all,true)</action>
			<action>ActivateWindow(skinsettings)</action>
			<protect type="all" heading="$LOCALIZE[19098]" message="$LOCALIZE[31377]" />
		</item>
		<item name="button-settings" required="true">
			<label>Settings</label>
			<action>Dialog.Close(all,true)</action>
			<action>ActivateWindow(Settings)</action>
		</item>
	</menu>
	<groupings>
		<!-- Common Shortcuts -->
		<group name="common" label="$LOCALIZE[31530]" icon="DefaultFolder.png">
			<shortcut name="video-library" label="$LOCALIZE[3]" type="$LOCALIZE[3]" icon="DefaultVideo.png">
				<action>ActivateWindow(Videos,library://video/,return)</action>
			</shortcut>
			<shortcut name="movies" label="$LOCALIZE[342]" type="$LOCALIZE[20342]" icon="DefaultMovies.png">
				<action>ActivateWindow(Videos,videodb://movies/titles/,return)</action>
			</shortcut>
			<shortcut name="tvshows" label="$LOCALIZE[20343]" type="$LOCALIZE[20343]" icon="DefaultTVShows.png">
				<action>ActivateWindow(Videos,videodb://tvshows/titles/,return)</action>
			</shortcut>
			<shortcut name="music-library" label="$LOCALIZE[2]" type="$LOCALIZE[2]" icon="DefaultAddonMusic.png">
				<action>ActivateWindow(Music,musicdb://,return)</action>
			</shortcut>
			<shortcut name="music-artists" label="$LOCALIZE[31517]" type="$LOCALIZE[2]" icon="DefaultMusicArtists.png">
				<action>ActivateWindow(Music,musicdb://artists/,return)</action>
			</shortcut>
			<shortcut name="music-albums" label="$LOCALIZE[31518]" type="$LOCALIZE[2]" icon="DefaultMusicAlbums.png">
				<action>ActivateWindow(Music,musicdb://albums/,return)</action>
			</shortcut>
			<shortcut name="musicvideos" label="$LOCALIZE[20389]" type="$LOCALIZE[20389]" icon="DefaultMusicVideos.png">
				<action>ActivateWindow(Videos,videodb://musicvideos/titles/,return)</action>
			</shortcut>
			<shortcut name="android-apps" label="$LOCALIZE[20244]" type="$LOCALIZE[10001]" icon="DefaultAddonProgram.png" visible="System.Platform.Android">
				<action>ActivateWindow(Programs,androidapp://sources/apps,return)</action>
			</shortcut>
			<shortcut name="libreelec" label="LibreELEC" type="$LOCALIZE[10001]" icon="DefaultLibreELEC.png" visible="System.HasAddon(service.libreelec.settings)">
				<action>RunAddon(service.libreelec.settings)</action>
			</shortcut>
			<shortcut name="coreelec" label="CoreELEC" type="$LOCALIZE[10001]" icon="DefaultCoreELEC.png" visible="System.HasAddon(service.coreelec.settings)">
				<action>RunAddon(service.coreelec.settings)</action>
			</shortcut>
			<shortcut name="programs" label="$LOCALIZE[10001]" type="$LOCALIZE[10001]" icon="DefaultAddonProgram.png">
				<action>ActivateWindow(Programs,Addons,return)</action>
			</shortcut>
			<shortcut name="video-addons" label="$LOCALIZE[1037]" type="$LOCALIZE[1037]" icon="DefaultAddonVideo.png">
				<action>ActivateWindow(Videos,Addons,return)</action>
			</shortcut>
			<shortcut name="music-addons" label="$LOCALIZE[1038]" type="$LOCALIZE[1038]" icon="DefaultAddonMusic.png">
				<action>ActivateWindow(Music,Addons,return)</action>
			</shortcut>
			<shortcut name="picture-addons" label="$LOCALIZE[1039]" type="$LOCALIZE[1039]" icon="DefaultAddonPicture.png">
				<action>ActivateWindow(Pictures,Addons,return)</action>
			</shortcut>
			<shortcut name="games" label="$LOCALIZE[10821]" type="$LOCALIZE[10821]" icon="DefaultAddonGame.png">
				<action>ActivateWindow(Games)</action>
			</shortcut>
			<shortcut name="shutdown-menu" label="$LOCALIZE[33060]" type="$LOCALIZE[33060]" icon="DefaultAddonNone.png">
				<action>ActivateWindow(shutdownmenu)</action>
			</shortcut>
			<shortcut name="partymode-music" label="$LOCALIZE[589]" type="$LOCALIZE[589]" icon="DefaultPartyMode.png">
				<action>PlayerControl(PartyMode)</action>
			</shortcut>
			<shortcut name="partymode-video" label="$LOCALIZE[31519]" type="$LOCALIZE[589]" icon="DefaultPartyMode.png">
				<action>PlayerControl(PartyMode(Video))</action>
			</shortcut>
			<shortcut name="tvguide" label="$LOCALIZE[4]" type="$LOCALIZE[4]" icon="DefaultAddonTvInfo.png">
				<action>ActivateWindow(TVGuide)</action>
			</shortcut>
			<shortcut name="tvchannels" label="$LOCALIZE[19023]" type="$LOCALIZE[19023]" icon="DefaultAddonTvInfo.png">
				<action>ActivateWindow(TVChannels)</action>
			</shortcut>
			<shortcut name="pictures" label="$LOCALIZE[1]" type="$LOCALIZE[1]" icon="DefaultPicture.png">
				<action>ActivateWindow(Pictures)</action>
			</shortcut>
			<shortcut name="weather" label="$LOCALIZE[12600]" type="$LOCALIZE[12600]" icon="DefaultAddonWeather.png">
				<action>ActivateWindow(Weather)</action>
			</shortcut>
			<shortcut name="playdisc" label="$LOCALIZE[341]" type="$LOCALIZE[341]" icon="DefaultVCD.png">
				<action>PlayDisc</action>
			</shortcut>
			<shortcut name="ejecttray" label="$LOCALIZE[31485]" type="$LOCALIZE[31485]" icon="DefaultVCD.png">
				<action>EjectTray()</action>
			</shortcut>
			<shortcut name="rebootfromnand" label="$LOCALIZE[31576]" type="$LOCALIZE[31576]" icon="DefaultAddonPeripheral.png" visible="System.HasAddon(service.libreelec.settings) | System.HasAddon(service.coreelec.settings)">
				<action>System.ExecWait("/usr/sbin/rebootfromnand")</action>
				<action>Reboot()</action>
			</shortcut>
		</group>
		<!-- Video Library -->
		<group name="video-library" label="$LOCALIZE[14236]" icon="DefaultVideo.png">
			<shortcut name="video-library-root" label="$LOCALIZE[1214]" type="$LOCALIZE[3]" icon="DefaultVideo.png">
				<action>ActivateWindow(Videos,library://video/,return)</action>
			</shortcut>
			<!-- Movies -->
			<group name="movies" label="$LOCALIZE[20342]" icon="DefaultMovies.png">
				<shortcut name="movies-root" label="$LOCALIZE[342]" type="$LOCALIZE[20342]" icon="DefaultMovies.png">
					<action>ActivateWindow(Videos,videodb://movies/,return)</action>
				</shortcut>
				<shortcut name="movies-titles" label="$LOCALIZE[10024]" type="$LOCALIZE[20342]" icon="DefaultMovieTitle.png">
					<action>ActivateWindow(Videos,videodb://movies/titles/,return)</action>
				</shortcut>
				<shortcut name="movies-recent" label="$LOCALIZE[20382]" type="$LOCALIZE[20342]" icon="DefaultRecentlyAddedMovies.png">
					<action>ActivateWindow(Videos,videodb://recentlyaddedmovies,return)</action>
				</shortcut>
				<shortcut name="movies-genres" label="$LOCALIZE[135]" type="$LOCALIZE[20342]" icon="DefaultGenre.png" browse="videos">
					<path>videodb://movies/genres/</path>
				</shortcut>
				<shortcut name="movies-years" label="$LOCALIZE[652]" type="$LOCALIZE[20342]" icon="DefaultYear.png" browse="videos">
					<path>videodb://movies/years/</path>
				</shortcut>
				<shortcut name="movies-directors" label="$LOCALIZE[20348]" type="$LOCALIZE[20342]" icon="DefaultDirector.png" browse="videos">
					<path>videodb://movies/directors/</path>
				</shortcut>
				<shortcut name="movies-studios" label="$LOCALIZE[20388]" type="$LOCALIZE[20342]" icon="DefaultStudios.png" browse="videos">
					<path>videodb://movies/studios/</path>
				</shortcut>
				<shortcut name="movies-sets" label="$LOCALIZE[20434]" type="$LOCALIZE[20342]" icon="DefaultSets.png" browse="videos">
					<path>videodb://movies/sets/</path>
				</shortcut>
				<shortcut name="movies-countries" label="$LOCALIZE[20451]" type="$LOCALIZE[20342]" icon="DefaultCountry.png" browse="videos">
					<path>videodb://movies/countries/</path>
				</shortcut>
				<shortcut name="movies-actors" label="$LOCALIZE[344]" type="$LOCALIZE[20342]" icon="DefaultActor.png">
					<action>ActivateWindow(Videos,videodb://movies/actors/,return)</action>
				</shortcut>
				<shortcut name="movies-tags" label="$LOCALIZE[20459]" type="$LOCALIZE[20342]" icon="DefaultTags.png">
					<action>ActivateWindow(Videos,videodb://movies/tags/,return)</action>
				</shortcut>
			</group>
			<!-- TV Shows -->
			<group name="tvshows" label="$LOCALIZE[20343]" icon="DefaultTVShows.png">
				<shortcut name="tvshows-root" label="$LOCALIZE[20343]" type="$LOCALIZE[20343]" icon="DefaultTVShows.png">
					<action>ActivateWindow(Videos,videodb://tvshows/,return)</action>
				</shortcut>
				<shortcut name="tvshows-titles" label="$LOCALIZE[10024]" type="$LOCALIZE[20343]" icon="DefaultTVShowTitle.png">
					<action>ActivateWindow(Videos,videodb://tvshows/titles/,return)</action>
				</shortcut>
				<shortcut name="tvshows-recent" label="$LOCALIZE[20382]" type="$LOCALIZE[20343]" icon="DefaultRecentlyAddedEpisodes.png">
					<action>ActivateWindow(Videos,videodb://recentlyaddedepisodes,return)</action>
				</shortcut>
				<shortcut name="tvshows-inprogress" label="$LOCALIZE[626]" type="$LOCALIZE[20343]" icon="DefaultInProgressShows.png">
					<action>ActivateWindow(Videos,videodb://inprogresstvshows,return)</action>
				</shortcut>
				<shortcut name="tvshows-genres" label="$LOCALIZE[135]" type="$LOCALIZE[20342]" icon="DefaultGenre.png" browse="videos">
					<path>videodb://tvshows/genres/</path>
				</shortcut>
				<shortcut name="tvshows-years" label="$LOCALIZE[652]" type="$LOCALIZE[20342]" icon="DefaultYear.png" browse="videos">
					<path>videodb://tvshows/years/</path>
				</shortcut>
				<shortcut name="tvshows-studios" label="$LOCALIZE[20388]" type="$LOCALIZE[20342]" icon="DefaultStudios.png" browse="videos">
					<path>videodb://tvshows/studios/</path>
				</shortcut>
				<shortcut name="tvshows-actors" label="$LOCALIZE[344]" type="$LOCALIZE[20343]" icon="DefaultActor.png">
					<action>ActivateWindow(Videos,videodb://tvshows/actors/,return)</action>
				</shortcut>
			</group>
			<!-- Music Videos -->
			<group name="musicvideos" label="$LOCALIZE[20389]" icon="DefaultMusicVideos.png">
				<shortcut name="musicvideos-root" label="$LOCALIZE[20389]" type="$LOCALIZE[20389]" icon="DefaultMusicVideos.png">
					<action>ActivateWindow(Videos,videodb://musicvideos/,return)</action>
				</shortcut>
				<shortcut name="musicvideos-titles" label="$LOCALIZE[10024]" type="$LOCALIZE[20389]" icon="DefaultMusicVideoTitle.png">
					<action>ActivateWindow(Videos,videodb://musicvideos/titles/,return)</action>
				</shortcut>
				<shortcut name="musicvideos-recent" label="$LOCALIZE[20382]" type="$LOCALIZE[20389]" icon="DefaultRecentlyAddedMusicVideos.png">
					<action>ActivateWindow(Videos,videodb://recentlyaddedmusicvideos,return)</action>
				</shortcut>
				<shortcut name="musicvideos-genres" label="$LOCALIZE[135]" type="$LOCALIZE[20389]" icon="DefaultMusicGenres.png" browse="videos">
					<path>videodb://musicvideos/genres/</path>
				</shortcut>
				<shortcut name="musicvideos-years" label="$LOCALIZE[652]" type="$LOCALIZE[20389]" icon="DefaultMusicYears.png" browse="videos">
					<path>videodb://musicvideos/years/</path>
				</shortcut>
				<shortcut name="musicvideos-artists" label="$LOCALIZE[133]" type="$LOCALIZE[20389]" icon="DefaultMusicArtists.png" browse="videos">
					<path>videodb://musicvideos/artists/</path>
				</shortcut>
				<shortcut name="musicvideos-albums" label="$LOCALIZE[344]" type="$LOCALIZE[20389]" icon="DefaultMusicAlbums.png" browse="videos">
					<path>videodb://musicvideos/albums/</path>
				</shortcut>
				<shortcut name="musicvideos-directors" label="$LOCALIZE[20348]" type="$LOCALIZE[20389]" icon="DefaultDirector.png" browse="videos">
					<path>videodb://musicvideos/directors/</path>
				</shortcut>
				<shortcut name="musicvideos-studios" label="$LOCALIZE[20388]" type="$LOCALIZE[20389]" icon="DefaultStudios.png" browse="videos">
					<path>videodb://musicvideos/studios/</path>
				</shortcut>
			</group>
			<!-- Video Playlists -->
			<group name="video-playlists" label="$LOCALIZE[136]" icon="DefaultVideoPlaylists.png">
				<shortcut name="video-playlists-root" label="$LOCALIZE[136]" type="$LOCALIZE[136]" icon="DefaultVideoPlaylists.png">
					<action>ActivateWindow(Videos,special://videoplaylists/,return)</action>
				</shortcut>
				<content source="playlists" target="video"/>
				<content source="playlists" target="video" path="special://skin/extras/playlists/" folder="Skin Playlists"/>
			</group>
			<!-- Video Sources -->
			<group name="video-nodes" label="$LOCALIZE[31564]" icon="DefaultFile.png">
				<content source="nodes" target="video"/>
			</group>
		</group>
		<!-- Music Library -->
		<group name="music-library" label="$LOCALIZE[14237]" icon="DefaultAddonMusic.png">
			<shortcut name="music-library-root" label="$LOCALIZE[1214]" type="$LOCALIZE[2]" icon="DefaultAddonMusic.png">
				<action>ActivateWindow(Music,library://music/,return)</action>
			</shortcut>
			<!-- Music -->
			<group name="music" label="$LOCALIZE[2]" icon="DefaultAddonMusic.png">
				<shortcut name="music-artists" label="$LOCALIZE[133]" type="$LOCALIZE[2]" icon="DefaultArtist.png">
					<action>ActivateWindow(Music,musicdb://artists/,return)</action>
				</shortcut>
				<shortcut name="music-albums" label="$LOCALIZE[132]" type="$LOCALIZE[2]" icon="DefaultMusicAlbums.png">
					<action>ActivateWindow(Music,musicdb://albums/,return)</action>
				</shortcut>
				<shortcut name="music-songs" label="$LOCALIZE[134]" type="$LOCALIZE[2]" icon="DefaultMusicSongs.png">
					<action>ActivateWindow(Music,musicdb://songs/,return)</action>
				</shortcut>
				<shortcut name="music-genres" label="$LOCALIZE[135]" type="$LOCALIZE[2]" icon="DefaultMusicGenres.png" browse="music">
					<path>musicdb://genres/</path>
				</shortcut>
				<shortcut name="music-years" label="$LOCALIZE[652]" type="$LOCALIZE[2]" icon="DefaultMusicYears.png" browse="music">
					<path>musicdb://years/</path>
				</shortcut>
				<shortcut name="music-roles" label="$LOCALIZE[29994]" type="$LOCALIZE[2]" icon="DefaultMusicRoles.png" browse="music">
					<path>library://music/musicroles/</path>
				</shortcut>
				<shortcut name="music-top100" label="$LOCALIZE[271]" type="$LOCALIZE[2]" icon="DefaultMusicTop100.png">
					<action>ActivateWindow(Music,musicdb://top100/,return)</action>
				</shortcut>
				<shortcut name="music-top100-songs" label="$LOCALIZE[10504]" type="$LOCALIZE[2]" icon="DefaultMusicTop100Songs.png">
					<action>ActivateWindow(Music,musicdb://top100/songs/,return)</action>
				</shortcut>
				<shortcut name="music-top100-albums" label="$LOCALIZE[10505]" type="$LOCALIZE[2]" icon="DefaultMusicTop100Albums.png">
					<action>ActivateWindow(Music,musicdb://top100/albums/,return)</action>
				</shortcut>
				<shortcut name="music-recentalbums" label="$LOCALIZE[359]" type="$LOCALIZE[2]" icon="DefaultMusicTop100Albums.png">
					<action>ActivateWindow(Music,musicdb://recentlyaddedalbums/,return)</action>
				</shortcut>
				<shortcut name="music-recentlyplayed" label="$LOCALIZE[517]" type="$LOCALIZE[2]" icon="DefaultMusicTop100Albums.png">
					<action>ActivateWindow(Music,musicdb://recentlyplayedalbums/,return)</action>
				</shortcut>
			</group>
			<!-- Music Playlists -->
			<group name="music-playlists" label="$LOCALIZE[136]" icon="DefaultMusicPlaylists.png">
				<shortcut name="music-playlists-root" label="$LOCALIZE[136]" type="$LOCALIZE[136]" icon="DefaultMusicPlaylists.png">
					<action>ActivateWindow(Music,special://musicplaylists/,return)</action>
				</shortcut>
				<content source="playlists" target="music"/>
				<content source="playlists" target="music" path="special://skin/extras/playlists/" folder="Skin Playlists"/>
			</group>
			<!-- Music Sources -->
			<group name="music-sources" label="$LOCALIZE[31564]" icon="DefaultFile.png">
				<content source="library" target="music"/>
			</group>
		</group>
		<!-- Sources -->
		<group name="sources" label="$LOCALIZE[39031]" icon="DefaultFile.png">
			<group name="video-sources" label="$LOCALIZE[3]" icon="DefaultVideo.png">
				<shortcut name="video-files" label="$LOCALIZE[744]" type="$LOCALIZE[39031]" icon="DefaultFile.png">
					<action>ActivateWindow(Videos,sources://video/,return)</action>
				</shortcut>
				<content source="sources" target="video"/>
				<content source="upnp" target="video"/>
			</group>
			<group name="music-sources" label="$LOCALIZE[2]" icon="DefaultAddonMusic.png">
				<shortcut name="music-files" label="$LOCALIZE[744]" type="$LOCALIZE[39031]" icon="DefaultFile.png">
					<action>ActivateWindow(Music,sources://music/,return)</action>
				</shortcut>
				<content source="sources" target="music"/>
				<content source="upnp" target="music"/>
			</group>
			<group name="picture-sources" label="$LOCALIZE[1]" icon="DefaultPicture.png">
				<shortcut name="picture-files" label="$LOCALIZE[744]" type="$LOCALIZE[39031]" icon="DefaultFile.png">
					<action>ActivateWindow(Pictures,return)</action>
				</shortcut>
			</group>
		</group>
		<!-- Add-ons -->
		<group name="addons" label="$LOCALIZE[24001]" icon="DefaultAddon.png">
			<shortcut name="addon-browser" label="$LOCALIZE[31957]" type="$LOCALIZE[24001]" icon="DefaultAddonProgram.png">
				<action>ActivateWindow(1133)</action>
			</shortcut>
			<group name="program-addons" label="$LOCALIZE[1043]" icon="DefaultAddonProgram.png">
				<shortcut name="android-apps" label="$LOCALIZE[20244]" type="$LOCALIZE[1043]" icon="DefaultAddonProgram.png" visible="System.Platform.Android">
					<action>ActivateWindow(Programs,androidapp://sources/apps,return)</action>
				</shortcut>
				<content source="addons" label="$LOCALIZE[1043]" icon="DefaultAddonProgram.png" target="programs"/>
			</group>
			<group name="video-addons" label="$LOCALIZE[1037]" icon="DefaultAddonVideo.png">
				<content source="addons" label="$LOCALIZE[1037]" icon="DefaultAddonVideo.png" target="videos"/>
			</group>
			<group name="music-addons" label="$LOCALIZE[1038]" icon="DefaultAddonMusic.png">
				<content source="addons" label="$LOCALIZE[1038]" icon="DefaultAddonMusic.png" target="music"/>
			</group>
			<group name="picture-addons" label="$LOCALIZE[1039]" icon="DefaultAddonPicture.png">
				<content source="addons" label="$LOCALIZE[1039]" icon="DefaultAddonPicture.png" target="pictures"/>
			</group>
		</group>
		<!-- PVR/Live TV -->
		<group name="pvr" label="$LOCALIZE[14204]" icon="DefaultAddonPVRClient.png" visible="PVR.HasTVChannels | PVR.HasRadioChannels">
			<content source="pvr" target="tv"/>
			<group name="pvr-tv" label="$LOCALIZE[19023]" icon="DefaultAddonPVRClient.png" visible="PVR.HasTVChannels">
				<content source="pvr" target="tv"/>
			</group>
			<group name="pvr-radio" label="$LOCALIZE[19024]" icon="DefaultAddonPVRClient.png" visible="PVR.HasRadioChannels">
				<content source="pvr" target="radio"/>
			</group>
		</group>
		<!-- Games -->
		<group name="games" label="$LOCALIZE[10821]" icon="DefaultAddonGame.png">
			<shortcut name="games-root" label="$LOCALIZE[10821]" type="$LOCALIZE[32021]" icon="DefaultAddonGame.png">
				<action>ActivateWindow(Games)</action>
			</shortcut>
		</group>
		<!-- Pictures -->
		<group name="pictures" label="$LOCALIZE[1]" icon="DefaultPicture.png">
			<shortcut name="pictures-root" label="$LOCALIZE[1]" type="$LOCALIZE[1]" icon="DefaultPicture.png">
				<action>ActivateWindow(Pictures)</action>
			</shortcut>
			<shortcut name="picture-addons" label="$LOCALIZE[1039]" type="$LOCALIZE[1]" icon="DefaultAddonPicture.png">
				<action>ActivateWindow(Pictures,Addons,return)</action>
			</shortcut>
			<content source="sources" target="pictures" folder="$LOCALIZE[1]"/>
		</group>
		<!-- Favourites -->
		<group name="favourites" label="$LOCALIZE[1036]" icon="DefaultAddonsInstalled.png">
			<shortcut name="favourites-root" label="$LOCALIZE[1036]" type="$LOCALIZE[1036]" icon="DefaultAddonsInstalled.png">
				<action>ActivateWindow(favouritesbrowser)</action>
			</shortcut>
			<content source="favourites" folder="$LOCALIZE[1036]" icon="DefaultFolder.png"/>
		</group>
		<!-- System/Settings -->
		<group name="settings" label="$LOCALIZE[13000]" icon="DefaultAddonService.png">
			<group name="commands" label="$LOCALIZE[31531]" icon="DefaultAddonNone.png">
				<content source="commands" target=""/>
				<shortcut name="reload-skin" label="$LOCALIZE[20183]" type="$LOCALIZE[32054]" icon="DefaultAddonService.png">
					<action>ReloadSkin()</action>
				</shortcut>
			</group>
			<shortcut name="libreelec-settings" label="LibreELEC" type="$LOCALIZE[10001]" icon="DefaultLibreELEC.png" visible="System.HasAddon(service.libreelec.settings)">
				<action>RunAddon(service.libreelec.settings)</action>
			</shortcut>
			<shortcut name="coreelec-settings" label="CoreELEC" type="$LOCALIZE[10001]" icon="DefaultCoreELEC.png" visible="System.HasAddon(service.coreelec.settings)">
				<action>RunAddon(service.coreelec.settings)</action>
			</shortcut>
			<shortcut name="file-manager" label="$LOCALIZE[7]" type="$LOCALIZE[13000]" icon="DefaultRemovableDisk.png">
				<action>ActivateWindow(FileManager)</action>
			</shortcut>
			<shortcut name="profiles" label="$LOCALIZE[13200]" type="$LOCALIZE[13000]" icon="DefaultAddonService.png">
				<action>ActivateWindow(Profiles)</action>
			</shortcut>
			<shortcut name="system-info" label="$LOCALIZE[130]" type="$LOCALIZE[13000]" icon="DefaultAddonService.png">
				<action>ActivateWindow(SystemInfo)</action>
			</shortcut>
			<shortcut name="event-log" label="$LOCALIZE[10050]" type="$LOCALIZE[13000]" icon="DefaultAddonService.png">
				<action>ActivateWindow(Eventlog)</action>
			</shortcut>
			<content source="settings" target=""/>
		</group>
		<input label="$ADDON[script.skinshortcuts 32024]" type="text" for="action" />
	</groupings>
</menus>