<?xml version="1.0" encoding="UTF-8"?>
<includes>
	<!-- Video Wall -->
	<include name="VideoIcons">
		<control type="group">
			<visible>Control.IsVisible(500) + !Window.IsActive(addoninformation)</visible>
			<include>ViewAnimation</include>
			<control type="group">
				<top>-22</top>
				<animation effect="slide" end="34.5" condition="!Container.Content(episodes) + !Container.Content(videos) + Skin.HasSetting(500.SmallerIcons)">Conditional</animation>
				<include content="BackPanel">
					<param name="left">116</param>
					<param name="top">175</param>
					<param name="width">1700</param>
					<param name="height">728</param>
					<param name="visible">!Skin.HasSetting(500.SmallerIcons) | Container.Content(episodes) | Container.Content(videos)</param>
				</include>
				<include content="BackPanel">
					<param name="left">116</param>
					<param name="top">175</param>
					<param name="width">1620</param>
					<param name="height">728</param>
					<param name="visible">Skin.HasSetting(500.SmallerIcons) + !Container.Content(episodes) + !Container.Content(videos)</param>
				</include>
				<control type="panel" id="500">
					<left>120</left>
					<top>179</top>
					<width>1680</width>
					<height>720</height>
					<onleft>SetProperty(MediaMenu,True,Home)</onleft>
					<onleft>SetFocus(9050)</onleft>
					<onright>50060</onright>
					<onup>500</onup>
					<ondown>500</ondown>
					<pagecontrol>50060</pagecontrol>
					<preloaditems>2</preloaditems>
					<scrolltime tween="quadratic" easing="out">300</scrolltime>
					<visible>True + !Skin.HasSetting(Enable_ViewLocking) | [$EXP[ShortcutView_500] + Skin.HasSetting(Enable_ViewLocking)]</visible>
					<itemlayout height="360" width="240" condition="[Container.Content(movies) | Container.Content(tvshows) | Container.Content(seasons) | Container.Content(sets)] + !Skin.HasSetting(500.SmallerIcons)">
						<control type="image">
							<width>240</width>
							<height>360</height>
							<texture border="2" colordiffuse="BFFFFFFF" background="true">$VAR[PosterThumb]</texture>
							<bordersize>2</bordersize>
							<bordertexture border="2" infill="false">colors/black.png</bordertexture>
						</control>
						<include content="PosterStatusOverlay">
							<param name="left">198</param>
							<param name="top">2</param>
							<param name="size">40</param>
							<param name="visible">!String.IsEmpty(Skin.String(500.Movies.DisableOverlay)) + [Container.Content(movies) | Container.Content(sets)] | [!String.IsEmpty(Skin.String(500.TV.DisableOverlay)) + Container.Content(tvshows)] | [!String.IsEmpty(Skin.String(500.Seasons.DisableOverlay)) + Container.Content(seasons)]</param>
						</include>
						<include condition="Skin.HasSetting(Disable.UnwatchedIcon)">UnwatchedEpisodeOverlay</include>
					</itemlayout>
					<focusedlayout height="360" width="240" condition="[Container.Content(movies) | Container.Content(tvshows) | Container.Content(seasons) | Container.Content(sets)] + !Skin.HasSetting(500.SmallerIcons)">
						<control type="group">
							<animation type="Focus" reversible="false">
								<effect type="zoom" start="95" end="100" time="300" tween="sine" easing="inout" center="auto" />
								<effect type="fade" start="80" end="100" time="300" tween="sine" easing="in" />
							</animation>
							<control type="image">
								<width>240</width>
								<height>360</height>
								<texture border="8" background="true">$VAR[PosterThumb]</texture>
								<bordersize>8</bordersize>
								<bordertexture border="8" infill="false" colordiffuse="$VAR[HighlightBarColor]">colors/white.png</bordertexture>
							</control>
							<include content="PosterStatusOverlay">
								<param name="left">192</param>
								<param name="top">8</param>
								<param name="size">40</param>
								<param name="visible">!String.IsEmpty(Skin.String(500.Movies.DisableOverlay)) + [Container.Content(movies) | Container.Content(sets)] | [!String.IsEmpty(Skin.String(500.TV.DisableOverlay)) + Container.Content(tvshows)] | [!String.IsEmpty(Skin.String(500.Seasons.DisableOverlay)) + Container.Content(seasons)]</param>
							</include>
							<include condition="Skin.HasSetting(Disable.UnwatchedIcon)" content="UnwatchedEpisodeOverlay">
								<param name="left">8</param>
								<param name="top">8</param>
							</include>
						</control>
					</focusedlayout>
					<itemlayout height="360" width="240" condition="Window.IsActive(videos) + String.StartsWith(Container.FolderPath,sources://video) + !Skin.HasSetting(500.SmallerIcons)">
						<control type="image">
							<width>240</width>
							<height>360</height>
							<texture border="2" colordiffuse="BFFFFFFF" background="true">$VAR[PosterThumb]</texture>
							<bordersize>2</bordersize>
							<bordertexture border="2" infill="false">colors/black.png</bordertexture>
						</control>
							<control type="image">
								<bottom>0</bottom>
								<width>240</width>
								<height>60</height>
								<texture>colors/black50.png</texture>
								<bordersize>2</bordersize>
							</control>
							<control type="label">
								<bottom>12</bottom>
								<width>240</width>
								<height>44</height>
								<align>center</align>
								<textoffsetx>10</textoffsetx>
								<label>$INFO[ListItem.Label]</label>
							</control>
					</itemlayout>
					<focusedlayout height="360" width="240" condition="Window.IsActive(videos) + String.StartsWith(Container.FolderPath,sources://video) + !Skin.HasSetting(500.SmallerIcons)">
						<control type="group">
							<animation type="Focus" reversible="false">
								<effect type="zoom" start="95" end="100" time="300" tween="sine" easing="inout" center="auto" />
								<effect type="fade" start="80" end="100" time="300" tween="sine" easing="in" />
							</animation>
							<control type="image">
								<width>240</width>
								<height>360</height>
								<texture border="8" background="true">$VAR[PosterThumb]</texture>
								<bordersize>8</bordersize>
								<bordertexture border="8" infill="false" colordiffuse="$VAR[HighlightBarColor]">colors/white.png</bordertexture>
							</control>
							<control type="image">
								<bottom>0</bottom>
								<width>240</width>
								<height>58</height>
								<texture>colors/black50.png</texture>
								<bordersize>8,0,8,8</bordersize>
							</control>
							<control type="label">
								<bottom>12</bottom>
								<width>240</width>
								<height>44</height>
								<align>center</align>
								<textoffsetx>10</textoffsetx>
								<label>$INFO[ListItem.Label]</label>
							</control>
						</control>
					</focusedlayout>
					<itemlayout height="360" width="240" condition="Container.Content(genres) + !Skin.HasSetting(500.SmallerIcons)">
						<control type="image">
							<width>240</width>
							<height>360</height>
							<aspectratio>scale</aspectratio>
							<texture border="2" colordiffuse="BFFFFFFF" background="true" fallback="special://skin/extras/moviegenres/default/Default.jpg">$VAR[GenreIconVar]</texture>
							<bordersize>2</bordersize>
							<bordertexture border="2" infill="false">colors/black.png</bordertexture>
						</control>
					</itemlayout>
					<focusedlayout height="360" width="240" condition="Container.Content(genres) + !Skin.HasSetting(500.SmallerIcons)">
						<control type="group">
							<animation type="Focus" reversible="false">
								<effect type="zoom" start="95" end="100" time="300" tween="sine" easing="inout" center="auto" />
								<effect type="fade" start="80" end="100" time="300" tween="sine" easing="in" />
							</animation>
							<control type="image">
								<width>240</width>
								<height>360</height>
								<aspectratio>scale</aspectratio>
								<texture border="8" colordiffuse="BAFFFFFF" background="true" fallback="special://skin/extras/moviegenres/default/Default.jpg">$VAR[GenreIconVar]</texture>
								<bordersize>8</bordersize>
								<bordertexture border="8" infill="false" colordiffuse="$VAR[HighlightBarColor]">colors/white.png</bordertexture>
							</control>
						</control>
					</focusedlayout>
					<itemlayout height="240" width="240" condition="Container.Content(addons)">
						<control type="image">
							<width>240</width>
							<height>240</height>
							<aspectratio>scale</aspectratio>
							<texture border="2" colordiffuse="BFFFFFFF" background="true">$INFO[ListItem.Icon]</texture>
							<bordersize>2</bordersize>
							<bordertexture border="2" infill="false">colors/black.png</bordertexture>
						</control>
					</itemlayout>
					<focusedlayout height="240" width="240" condition="Container.Content(addons)">
						<control type="image">
							<width>240</width>
							<height>240</height>
							<aspectratio>scale</aspectratio>
							<texture border="8" background="true">$INFO[ListItem.Icon]</texture>
							<bordersize>8</bordersize>
							<bordertexture border="8" infill="false" colordiffuse="$VAR[HighlightBarColor]">colors/white.png</bordertexture>
							<animation type="Focus" reversible="false">
								<effect type="zoom" start="95" end="100" time="300" tween="sine" easing="inout" center="auto" />
								<effect type="fade" start="80" end="100" time="300" tween="sine" easing="in" />
							</animation>
						</control>
					</focusedlayout>
					<itemlayout height="360" width="420" condition="Container.Content(episodes)">
						<control type="image">
							<width>420</width>
							<height>360</height>
							<aspectratio>scale</aspectratio>
							<texture border="2" colordiffuse="BFFFFFFF" background="true">$VAR[NoSpoilerIconVar]</texture>
							<bordersize>2</bordersize>
							<bordertexture border="2" infill="false">colors/black.png</bordertexture>
						</control>
						<control type="image">
							<top>300</top>
							<width>420</width>
							<height>60</height>
							<texture>colors/black50.png</texture>
							<bordersize>2</bordersize>
						</control>
						<control type="label">
							<top>300</top>
							<width>420</width>
							<height>50</height>
							<align>center</align>
							<textoffsetx>10</textoffsetx>
							<textcolor>grey2</textcolor>
							<label>$INFO[ListItem.Label]</label>
						</control>
						<include content="PosterStatusOverlay">
							<param name="left">368</param>
							<param name="top">2</param>
							<param name="size">50</param>
							<param name="visible">!String.IsEmpty(Skin.String(500.Episodes.DisableOverlay)) + Container.Content(episodes)</param>
						</include>
					</itemlayout>
					<focusedlayout height="360" width="420" condition="Container.Content(episodes)">
						<control type="group">
							<animation type="Focus" reversible="false">
								<effect type="zoom" start="95" end="100" time="300" tween="sine" easing="inout" center="auto" />
								<effect type="fade" start="80" end="100" time="300" tween="sine" easing="in" />
							</animation>
							<control type="image">
								<width>420</width>
								<height>360</height>
								<aspectratio>scale</aspectratio>
								<texture border="8" colordiffuse="BAFFFFFF" background="true">$VAR[NoSpoilerIconVar]</texture>
								<bordersize>8</bordersize>
								<bordertexture border="8" infill="false" colordiffuse="$VAR[HighlightBarColor]">colors/white.png</bordertexture>
							</control>
							<control type="image">
								<top>300</top>
								<width>420</width>
								<height>60</height>
								<texture>colors/black50.png</texture>
								<bordersize>8,0,8,8</bordersize>
							</control>
							<control type="label">
								<top>300</top>
								<width>420</width>
								<height>50</height>
								<align>center</align>
								<textoffsetx>10</textoffsetx>
								<label>$INFO[ListItem.Label]</label>
							</control>
							<include content="PosterStatusOverlay">
								<param name="left">362</param>
								<param name="top">8</param>
								<param name="size">50</param>
								<param name="visible">!String.IsEmpty(Skin.String(500.Episodes.DisableOverlay)) + Container.Content(episodes)</param>
							</include>
						</control>
					</focusedlayout>
					<itemlayout height="360" width="420" condition="![Container.Content(addons) | Container.Content(genres) | Container.Content(movies) | Container.Content(tvshows) | Container.Content(seasons) | Container.Content(episodes) | Container.Content(sets) | Window.IsActive(videos) + String.StartsWith(Container.FolderPath,sources://video)]">
						<control type="image">
							<width>420</width>
							<height>360</height>
							<aspectratio>scale</aspectratio>
							<texture border="2" colordiffuse="BFFFFFFF" background="true">$VAR[PosterThumb]</texture>
							<bordersize>2</bordersize>
							<bordertexture border="2" infill="false">colors/black.png</bordertexture>
						</control>
						<include content="PosterStatusOverlay">
							<param name="left">368</param>
							<param name="top">2</param>
							<param name="size">50</param>
						</include>
						<control type="image">
							<top>300</top>
							<width>420</width>
							<height>60</height>
							<texture>colors/black50.png</texture>
							<bordersize>2</bordersize>
						</control>
						<control type="label">
							<top>300</top>
							<width>420</width>
							<height>50</height>
							<align>center</align>
							<textoffsetx>10</textoffsetx>
							<textcolor>grey2</textcolor>
							<label>$INFO[ListItem.Label]</label>
						</control>
					</itemlayout>
					<focusedlayout height="360" width="420" condition="![Container.Content(addons) | Container.Content(genres) | Container.Content(movies) | Container.Content(tvshows) | Container.Content(seasons) | Container.Content(episodes) | Container.Content(sets) | Window.IsActive(videos) + String.StartsWith(Container.FolderPath,sources://video)]">
						<control type="group">
							<animation type="Focus" reversible="false">
								<effect type="zoom" start="95" end="100" time="300" tween="sine" easing="inout" center="auto" />
								<effect type="fade" start="80" end="100" time="300" tween="sine" easing="in" />
							</animation>
							<control type="image">
								<width>420</width>
								<height>360</height>
								<aspectratio>scale</aspectratio>
								<texture border="8" background="true">$VAR[PosterThumb]</texture>
								<bordersize>8</bordersize>
								<bordertexture border="8" infill="false" colordiffuse="$VAR[HighlightBarColor]">colors/white.png</bordertexture>
							</control>
							<include content="PosterStatusOverlay">
								<param name="left">362</param>
								<param name="top">8</param>
								<param name="size">50</param>
							</include>
							<control type="image">
								<top>300</top>
								<width>420</width>
								<height>60</height>
								<texture>colors/black50.png</texture>
								<bordersize>8,0,8,8</bordersize>
							</control>
							<control type="label">
								<top>300</top>
								<width>420</width>
								<height>50</height>
								<align>center</align>
								<textoffsetx>10</textoffsetx>
								<label>$INFO[ListItem.Label]</label>
							</control>
						</control>
					</focusedlayout>
					<itemlayout height="240" width="160" condition="[Container.Content(movies) | Container.Content(tvshows) | Container.Content(seasons) | Container.Content(sets)] + Skin.HasSetting(500.SmallerIcons)">
						<control type="image">
							<width>160</width>
							<height>240</height>
							<texture border="2" colordiffuse="BFFFFFFF" background="true">$VAR[PosterThumb]</texture>
							<bordersize>2</bordersize>
							<bordertexture border="2" infill="false">colors/black.png</bordertexture>
						</control>
						<include content="PosterStatusOverlay">
							<param name="left">128</param>
							<param name="top">2</param>
							<param name="size">30</param>
							<param name="visible">!String.IsEmpty(Skin.String(500.Movies.DisableOverlay)) + [Container.Content(movies) | Container.Content(sets)] | [!String.IsEmpty(Skin.String(500.TV.DisableOverlay)) + Container.Content(tvshows)] | [!String.IsEmpty(Skin.String(500.Seasons.DisableOverlay)) + Container.Content(seasons)]</param>
						</include>
						<include condition="Skin.HasSetting(Disable.UnwatchedIcon)" content="UnwatchedEpisodeOverlay">
							<param name="height">32</param>
						</include>
					</itemlayout>
					<focusedlayout height="240" width="160" condition="[Container.Content(movies) | Container.Content(tvshows) | Container.Content(seasons) | Container.Content(sets)] + Skin.HasSetting(500.SmallerIcons)">
						<control type="group">
							<animation type="Focus" reversible="false">
								<effect type="zoom" start="95" end="100" time="300" tween="sine" easing="inout" center="auto" />
								<effect type="fade" start="80" end="100" time="300" tween="sine" easing="in" />
							</animation>
							<control type="image">
								<width>160</width>
								<height>240</height>
								<texture border="4" background="true">$VAR[PosterThumb]</texture>
								<bordersize>4</bordersize>
								<bordertexture border="4" infill="false" colordiffuse="$VAR[HighlightBarColor]">colors/white.png</bordertexture>
							</control>
							<include content="PosterStatusOverlay">
								<param name="left">126</param>
								<param name="top">4</param>
								<param name="size">30</param>
								<param name="visible">!String.IsEmpty(Skin.String(500.Movies.DisableOverlay)) + [Container.Content(movies) | Container.Content(sets)] | [!String.IsEmpty(Skin.String(500.TV.DisableOverlay)) + Container.Content(tvshows)] | [!String.IsEmpty(Skin.String(500.Seasons.DisableOverlay)) + Container.Content(seasons)]</param>
							</include>
							<include condition="Skin.HasSetting(Disable.UnwatchedIcon)" content="UnwatchedEpisodeOverlay">
								<param name="left">4</param>
								<param name="top">4</param>
								<param name="height">32</param>
							</include>
						</control>
					</focusedlayout>
					<itemlayout height="240" width="160" condition="Container.Content(genres) + Skin.HasSetting(500.SmallerIcons)">
						<control type="image">
							<width>160</width>
							<height>240</height>
							<aspectratio>scale</aspectratio>
							<texture border="2" colordiffuse="BFFFFFFF" background="true" fallback="special://skin/extras/moviegenres/default/Default.jpg">$VAR[GenreIconVar]</texture>
							<bordersize>2</bordersize>
							<bordertexture border="2" infill="false">colors/black.png</bordertexture>
						</control>
					</itemlayout>
					<focusedlayout height="240" width="160" condition="Container.Content(genres) + Skin.HasSetting(500.SmallerIcons)">
						<control type="group">
							<animation type="Focus" reversible="false">
								<effect type="zoom" start="95" end="100" time="300" tween="sine" easing="inout" center="auto" />
								<effect type="fade" start="80" end="100" time="300" tween="sine" easing="in" />
							</animation>
							<control type="image">
								<width>160</width>
								<height>240</height>
								<aspectratio>scale</aspectratio>
								<texture border="8" colordiffuse="BAFFFFFF" background="true" fallback="special://skin/extras/moviegenres/default/Default.jpg">$VAR[GenreIconVar]</texture>
								<bordersize>8</bordersize>
								<bordertexture border="8" infill="false" colordiffuse="$VAR[HighlightBarColor]">colors/white.png</bordertexture>
							</control>
						</control>
					</focusedlayout>
				</control>
				<control type="scrollbar" id="50060">
					<left>1798</left>
					<top>179</top>
					<width>14</width>
					<height>720</height>
					<onleft>50</onleft>
					<onright condition="!Control.IsVisible(615)">SetProperty(MediaMenu,True,Home)</onright>
					<onright condition="!Control.IsVisible(615)">SetFocus(9050)</onright>
					<onright condition="Control.IsVisible(615)">SetFocus(615)</onright>
					<ondown>50060</ondown>
					<onup>50060</onup>
					<texturesliderbackground>colors/black.png</texturesliderbackground>
					<texturesliderbar>colors/white25.png</texturesliderbar>
					<texturesliderbarfocus colordiffuse="$VAR[ThemeLabelColor]">colors/white.png</texturesliderbarfocus>
					<showonepage>false</showonepage>
					<animation effect="slide" end="-80" condition="!Container.Content(episodes) + !Container.Content(videos) + Skin.HasSetting(500.SmallerIcons)">Conditional</animation>
				</control>
			</control>
		</control>
	</include>
	<!-- Music Wall -->
	<include name="MusicIcons">
		<control type="group">
			<visible>Control.IsVisible(500) + !Window.IsActive(addoninformation)</visible>
			<include>ViewAnimation</include>
			<top>38</top>
			<include content="BackPanel">
				<param name="left">116</param>
				<param name="top">175</param>
				<param name="width">1700</param>
				<param name="height">728</param>
			</include>
			<control type="panel" id="500">
				<left>120</left>
				<top>179</top>
				<width>1680</width>
				<height>720</height>
				<onleft>SetProperty(MediaMenu,True,Home)</onleft>
				<onleft>SetFocus(9050)</onleft>
				<onright>50060</onright>
				<onup>500</onup>
				<ondown>500</ondown>
				<pagecontrol>50060</pagecontrol>
				<scrolltime tween="quadratic" easing="out">300</scrolltime>
				<itemlayout height="240" width="240" condition="!Container.Content(genres)">
					<control type="image">
						<width>240</width>
						<height>240</height>
						<aspectratio>scale</aspectratio>
						<texture border="2" colordiffuse="BFFFFFFF" background="true">$INFO[ListItem.Icon]</texture>
						<bordersize>2</bordersize>
						<bordertexture border="2" infill="false">colors/black.png</bordertexture>
					</control>
					<control type="group">
						<visible>Container.Content(artists)</visible>
						<control type="image">
							<top>190</top>
							<width>240</width>
							<height>50</height>
							<texture>colors/black50.png</texture>
							<bordersize>2</bordersize>
						</control>
						<control type="label">
							<top>200</top>
							<width>240</width>
							<height>30</height>
							<align>center</align>
							<textoffsetx>4</textoffsetx>
							<textcolor>grey</textcolor>
							<label>$INFO[ListItem.Label]</label>
						</control>
					</control>
				</itemlayout>
				<focusedlayout height="240" width="240" condition="!Container.Content(genres)">
					<control type="group">
						<animation type="Focus" reversible="false">
							<effect type="zoom" start="95" end="100" time="300" tween="sine" easing="inout" center="auto" />
							<effect type="fade" start="80" end="100" time="300" tween="sine" easing="in" />
						</animation>
						<control type="image">
							<width>240</width>
							<height>240</height>
							<aspectratio>scale</aspectratio>
							<texture border="8" background="true">$INFO[ListItem.Icon]</texture>
							<bordersize>8</bordersize>
							<bordertexture border="8" infill="false" colordiffuse="$VAR[HighlightBarColor]">colors/white.png</bordertexture>
						</control>
					</control>
				</focusedlayout>
				<itemlayout height="240" width="240" condition="Container.Content(genres)">
					<control type="image">
						<width>240</width>
						<height>240</height>
						<aspectratio>scale</aspectratio>
							<texture border="2" colordiffuse="BFFFFFFF" background="true" fallback="special://skin/extras/musicgenres/Default.jpg">$VAR[MusicGenreIconsPathVar]$INFO[ListItem.Label,,.jpg]</texture>
							<bordersize>2</bordersize>
							<bordertexture border="2" infill="false">colors/black.png</bordertexture>
					</control>
				</itemlayout>
				<focusedlayout height="240" width="240" condition="Container.Content(genres)">
					<control type="image">
						<width>240</width>
						<height>240</height>
						<aspectratio>scale</aspectratio>
						<texture border="8" background="true" fallback="special://skin/extras/musicgenres/Default.jpg">$VAR[MusicGenreIconsPathVar]$INFO[ListItem.Label,,.jpg]</texture>
						<bordersize>8</bordersize>
						<bordertexture border="8" infill="false" colordiffuse="$VAR[HighlightBarColor]">colors/white.png</bordertexture>
						<animation type="Focus" reversible="false">
							<effect type="zoom" start="95" end="100" time="300" tween="sine" easing="inout" center="auto" />
							<effect type="fade" start="80" end="100" time="300" tween="sine" easing="in" />
						</animation>
					</control>
				</focusedlayout>
			</control>
			<control type="scrollbar" id="50060">
				<left>1798</left>
				<top>179</top>
				<width>14</width>
				<height>720</height>
				<onleft>50</onleft>
				<onright condition="!Control.IsVisible(615)">SetProperty(MediaMenu,True,Home)</onright>
				<onright condition="!Control.IsVisible(615)">SetFocus(9050)</onright>
				<onright condition="Control.IsVisible(615)">SetFocus(615)</onright>
				<ondown>50060</ondown>
				<onup>50060</onup>
				<showonepage>false</showonepage>
				<texturesliderbackground colordiffuse="1AFFFFFF">colors/white50.png</texturesliderbackground>
				<texturesliderbar colordiffuse="1AFFFFFF">colors/white.png</texturesliderbar>
				<texturesliderbarfocus colordiffuse="$VAR[ThemeLabelColor]">colors/white.png</texturesliderbarfocus>
			</control>
		</control>
	</include>
	<!-- Addon Wall -->
	<include name="AddonIcons">
		<control type="group">
			<visible>Control.IsVisible(500) + !Window.IsActive(addoninformation)</visible>
			<include>ViewAnimation</include>
			<top>38</top>
			<include content="BackPanel">
				<param name="left">116</param>
				<param name="top">175</param>
				<param name="width">1700</param>
				<param name="height">728</param>
			</include>
			<control type="panel" id="500">
				<left>120</left>
				<top>179</top>
				<width>1680</width>
				<height>720</height>
				<onleft>SetProperty(MediaMenu,True,Home)</onleft>
				<onleft>SetFocus(9050)</onleft>
				<onright>50060</onright>
				<onup>500</onup>
				<ondown>500</ondown>
				<pagecontrol>50060</pagecontrol>
				<scrolltime tween="quadratic" easing="out">300</scrolltime>
				<itemlayout height="240" width="240">
					<control type="image">
						<width>240</width>
						<height>240</height>
						<aspectratio>scale</aspectratio>
						<texture border="2" colordiffuse="BFFFFFFF" background="true">$INFO[ListItem.Icon]</texture>
						<bordersize>2</bordersize>
						<bordertexture border="2" infill="false">colors/black.png</bordertexture>
					</control>
					<control type="image">
						<left>190</left>
						<width>50</width>
						<height>50</height>
						<texture>overlays/addons/enabled.png</texture>
						<aspectratio align="center" aligny="top">keep</aspectratio>
						<visible>ListItem.Property(Addon.IsInstalled)</visible>
						<bordersize>2</bordersize>
					</control>
				</itemlayout>
				<focusedlayout height="240" width="240">
					<control type="group">
						<animation type="Focus" reversible="false">
							<effect type="zoom" start="95" end="100" time="300" tween="sine" easing="inout" center="auto" />
							<effect type="fade" start="80" end="100" time="300" tween="sine" easing="in" />
						</animation>
						<control type="image">
							<width>240</width>
							<height>240</height>
							<aspectratio>scale</aspectratio>
							<texture border="8" background="true">$INFO[ListItem.Icon]</texture>
							<bordersize>8</bordersize>
							<bordertexture border="8" infill="false" colordiffuse="$VAR[HighlightBarColor]">colors/white.png</bordertexture>
						</control>
						<control type="image">
							<left>190</left>
							<width>50</width>
							<height>50</height>
							<texture>overlays/addons/enabled.png</texture>
							<aspectratio align="center" aligny="top">keep</aspectratio>
							<visible>ListItem.Property(Addon.IsInstalled)</visible>
							<bordersize>8</bordersize>
						</control>
					</control>
				</focusedlayout>
			</control>
			<control type="scrollbar" id="50060">
				<left>1798</left>
				<top>179</top>
				<width>14</width>
				<height>720</height>
				<onleft>50</onleft>
				<onright>SetProperty(MediaMenu,True,Home)</onright>
				<onright>SetFocus(9050)</onright>
				<ondown>50060</ondown>
				<onup>50060</onup>
				<showonepage>false</showonepage>
				<texturesliderbackground colordiffuse="1AFFFFFF">colors/white50.png</texturesliderbackground>
				<texturesliderbar colordiffuse="1AFFFFFF">colors/white.png</texturesliderbar>
				<texturesliderbarfocus colordiffuse="$VAR[ThemeLabelColor]">colors/white.png</texturesliderbarfocus>
			</control>
		</control>
	</include>
	<!-- Picture Wall -->
	<include name="PictureIcons">
		<control type="group">
			<visible>Control.IsVisible(500) + !Window.IsActive(addoninformation)</visible>
			<include>ViewAnimation</include>
			<top>-86</top>
			<include content="BackPanel">
				<param name="left">116</param>
				<param name="top">175</param>
				<param name="width">1700</param>
				<param name="height">908</param>
			</include>
			<control type="panel" id="500">
				<left>120</left>
				<top>179</top>
				<width>1680</width>
				<height>900</height>
				<onleft>SetProperty(MediaMenu,True,Home)</onleft>
				<onleft>SetFocus(9050)</onleft>
				<onright>50060</onright>
				<onup>500</onup>
				<ondown>500</ondown>
				<pagecontrol>50060</pagecontrol>
				<preloaditems>2</preloaditems>
				<visible>!Container.Content(addons)</visible>
				<scrolltime tween="quadratic" easing="out">300</scrolltime>
				<itemlayout height="300" width="560">
					<control type="image">
						<width>560</width>
						<height>300</height>
						<aspectratio>scale</aspectratio>
						<texture border="2" colordiffuse="BFFFFFFF" background="true">$INFO[ListItem.Icon]</texture>
						<bordersize>2</bordersize>
						<bordertexture border="2" infill="false">colors/black.png</bordertexture>
					</control>
					<control type="image">
						<top>250</top>
						<width>560</width>
						<height>50</height>
						<texture>colors/black.png</texture>
						<bordersize>2</bordersize>
						<colordiffuse>88ffffff</colordiffuse>
					</control>
					<control type="label">
						<top>260</top>
						<width>560</width>
						<height>30</height>
						<textoffsetx>15</textoffsetx>
						<textcolor>grey2</textcolor>
						<label>$INFO[ListItem.Label]</label>
					</control>
					<control type="label">
						<top>260</top>
						<width>560</width>
						<height>30</height>
						<align>right</align>
						<textoffsetx>15</textoffsetx>
						<textcolor>grey2</textcolor>
						<label>$INFO[ListItem.Label2]</label>
					</control>
				</itemlayout>
				<focusedlayout height="300" width="560">
					<control type="image">
						<width>560</width>
						<height>300</height>
						<aspectratio>scale</aspectratio>
						<texture border="8" background="true">$INFO[ListItem.Icon]</texture>
						<bordersize>8</bordersize>
						<bordertexture border="8" infill="false" colordiffuse="$VAR[HighlightBarColor]">colors/white.png</bordertexture>
						<animation type="Focus" reversible="false">
							<effect type="zoom" start="95" end="100" time="300" tween="sine" easing="inout" center="auto" />
							<effect type="fade" start="80" end="100" time="300" tween="sine" easing="in" />
						</animation>
					</control>
					<control type="group">
						<animation type="Focus" reversible="false">
							<effect type="zoom" start="96" end="98" time="300" tween="sine" easing="inout" center="auto" />
							<effect type="fade" start="80" end="100" time="300" tween="sine" easing="in" />
						</animation>
						<control type="image">
							<top>250</top>
							<width>560</width>
							<height>50</height>
							<texture>colors/black.png</texture>
							<bordersize>2</bordersize>
							<colordiffuse>88ffffff</colordiffuse>
						</control>
						<control type="label">
							<top>260</top>
							<width>560</width>
							<height>30</height>
							<textoffsetx>15</textoffsetx>
							<textcolor>grey2</textcolor>
							<label>$INFO[ListItem.Label]</label>
						</control>
						<control type="label">
							<top>260</top>
							<width>560</width>
							<height>30</height>
							<align>right</align>
							<textoffsetx>15</textoffsetx>
							<textcolor>grey2</textcolor>
							<label>$INFO[ListItem.Label2]</label>
						</control>
					</control>
				</focusedlayout>
			</control>
			<control type="scrollbar" id="50060">
				<left>1798</left>
				<top>179</top>
				<width>14</width>
				<height>900</height>
				<onleft>50</onleft>
				<onright>SetProperty(MediaMenu,True,Home)</onright>
				<onright>SetFocus(9050)</onright>
				<ondown>50060</ondown>
				<onup>50060</onup>
				<texturesliderbackground colordiffuse="1AFFFFFF">colors/white50.png</texturesliderbackground>
				<texturesliderbar colordiffuse="1AFFFFFF">colors/white.png</texturesliderbar>
				<texturesliderbarfocus colordiffuse="$VAR[ThemeLabelColor]">colors/white.png</texturesliderbarfocus>
				<showonepage>false</showonepage>
			</control>
		</control>
	</include>
</includes>