<?xml version="1.0" encoding="UTF-8"?>
<includes>
	<include name="InfoBackground">
		<control type="group">
			<height>100%</height>
			<control type="image">
				<texture>colors/black.png</texture>
			</control>
			<control type="image">
				<aspectratio align="center">scale</aspectratio>
				<texture background="true">$PARAM[texture]</texture>
				<fadetime>IconCrossfadeTime</fadetime>
			</control>
			<control type="image">
				<texture border="4">dialogs/info/info_rightpaneltop.png</texture>
				<colordiffuse>$VAR[DialogInfoDimmerVar]</colordiffuse>
			</control>
		</control>
	</include>
	<include name="InfoPoster">
		<control type="image">
			<texture>colors/black.png</texture>
		</control>
		<control type="image">
			<aspectratio>scale</aspectratio>
			<fadetime>IconCrossfadeTime</fadetime>
			<texture background="true">$PARAM[texture]</texture>
		</control>
	</include>
	<include name="ExtendedInfoListLayout">
		<param name="numitems" default="0" />
		<param name="width" default="1200" />
		<param name="overlayVisibility">!String.IsEmpty(ListItem.Property(DBID))</param>
		<param name="labelVisibility">false</param>
		<param name="label" default="$INFO[ListItem.Label2]" />
		<param name="label1" default="$INFO[ListItem.Label]" />
		<param name="label2" default="$INFO[ListItem.Year]" />
		<param name="texture" default="$VAR[PosterVar]" />
		<param name="target" default="videos" />
		<param name="do_onclick" default="true" />
		<definition>
			<control type="panel" id="$PARAM[id]">
				<visible allowhiddenfocus="true">Integer.IsGreater(Container($PARAM[id]).NumItems,$PARAM[numitems])</visible>
				<left>15</left>
				<width>$PARAM[width]</width>
				<height>480</height>
				<orientation>horizontal</orientation>
				<preloaditems>2</preloaditems>
				<scrolltime tween="quadratic" easing="out">300</scrolltime>
				<onclick condition="Control.HasFocus(50001)">ClearProperty(crew_name,Home)</onclick>
				<onclick condition="[Control.HasFocus(900010) | Control.HasFocus(900011) | Control.HasFocus(900012)]">SetProperty(1109_origin,$INFO[System.CurrentControlID],Home)</onclick>
				<onclick condition="Window.IsVisible(1109) + [Control.HasFocus(90050) | Control.HasFocus(50001)]">Dialog.Close(1109)</onclick>
				<onclick condition="Window.IsVisible(1102) + [Control.HasFocus(50003) | Control.HasFocus(90008) | Control.HasFocus(90009) | Control.HasFocus(900010) | Control.HasFocus(900011) | Control.HasFocus(900012)]">Skin.TimerStart(resetfocus1102)</onclick>
				<include content="ExtendedInfoOnclick" condition="$PARAM[do_onclick]">
					<param name="id">$PARAM[id]</param>
				</include>
				<onclick condition="Skin.HasSetting(Enable.BlurredVideoInfo) + [Control.HasFocus(50002) | Control.HasFocus(50003)]">RunScript(script.skin.info.service,blur,source='"$INFO[Window(Home).Property(item_poster)]",window_id=1102)</onclick>
				<onclick condition="Control.HasFocus(50001)">ActivateWindow(1107)</onclick>
				<onclick condition="[Control.HasFocus(50002) | Control.HasFocus(50003) | Control.HasFocus(50004)]">SetFocus(4701)</onclick>
				<onclick condition="[Control.HasFocus(50002) | Control.HasFocus(50003) | Control.HasFocus(50004)]">SetFocus(4610)</onclick>
				<onclick condition="Control.HasFocus(990020) | Control.HasFocus(900020)">SetFocus(99)</onclick>
				<itemlayout height="480" width="300">
					<control type="image">
						<left>-15</left>
						<top>-10</top>
						<width>320</width>
						<height>450</height>
						<bordersize>22</bordersize>
						<bordertexture border="20" infill="false">thumbs/shadow.png</bordertexture>
						<aspectratio aligny="top">scale</aspectratio>
						<texture fallback="$PARAM[fallback]" background="true">$PARAM[texture]</texture>
					</control>
					<control type="image">
						<left>-15</left>
						<top>-10</top>
						<width>320</width>
						<height>450</height>
						<bordersize>22</bordersize>
						<texture>colors/black25.png</texture>
						<visible>Window.IsVisible(1125)</visible>
					</control>
					<control type="group">
						<visible>$PARAM[labelVisibility]</visible>
						<control type="image">
							<left>5</left>
							<width>282</width>
							<height>418</height>
							<texture>poster_bottom_fade.png</texture>
						</control>
						<control type="label">
							<left>8</left>
							<top>374</top>
							<width>274</width>
							<height>43</height>
							<align>center</align>
							<font>font14</font>
							<shadowcolor>shadow</shadowcolor>
							<textcolor>white2</textcolor>
							<label>$PARAM[label]</label>
						</control>
					</control>
					<control type="label">
						<left>3</left>
						<top>422</top>
						<width>284</width>
						<height>43</height>
						<align>center</align>
						<font>font14</font>
						<shadowcolor>shadow</shadowcolor>
						<label>$PARAM[label1]</label>
					</control>
					<control type="image">
						<left>7</left>
						<top>12</top>
						<width>67</width>
						<height>30</height>
						<texture>colors/black50.png</texture>
						<aspectratio aligny="center">scale</aspectratio>
						<visible>!String.IsEmpty(ListItem.Year) + !Control.HasFocus(90016)</visible>
					</control>
					<control type="label">
						<left>8</left>
						<top>4</top>
						<width>274</width>
						<height>43</height>
						<font>font14</font>
						<shadowcolor>shadow</shadowcolor>
						<label>$PARAM[label2]</label>
					</control>
					<control type="image">
						<left>242</left>
						<top>13</top>
						<width>40</width>
						<height>40</height>
						<texture>overlays/addons/enabled.png</texture>
						<visible>$PARAM[overlayVisibility]</visible>
					</control>
				</itemlayout>
				<focusedlayout height="480" width="300">
					<control type="group">
						<animation effect="zoom" start="90" end="100" time="200" tween="sine" easing="inout" center="auto">Focus</animation>
						<control type="image">
							<left>-15</left>
							<top>-10</top>
							<width>320</width>
							<height>450</height>
							<bordersize>22</bordersize>
							<bordertexture border="20" infill="false">thumbs/shadow.png</bordertexture>
							<aspectratio aligny="top">scale</aspectratio>
							<texture fallback="$PARAM[fallback]" background="true">$PARAM[texture]</texture>
						</control>
						<control type="group">
							<visible>$PARAM[labelVisibility]</visible>
							<control type="image">
								<left>5</left>
								<width>282</width>
								<height>418</height>
								<texture>poster_bottom_fade.png</texture>
							</control>
							<control type="label">
								<left>8</left>
								<top>374</top>
								<width>274</width>
								<height>43</height>
								<align>center</align>
								<font>font14</font>
								<shadowcolor>shadow</shadowcolor>
								<textcolor>$VAR[ThemeLabelColor]</textcolor>
								<label>$PARAM[label]</label>
								<animation effect="fade" start="100" end="40" time="300" tween="sine" easing="inout" condition="!Control.HasFocus($PARAM[id])">Conditional</animation>
							</control>
						</control>
						<control type="image">
							<left>7</left>
							<top>12</top>
							<width>67</width>
							<height>30</height>
							<texture>colors/black50.png</texture>
							<aspectratio aligny="center">scale</aspectratio>
							<visible>!String.IsEmpty(ListItem.Year) + !Control.HasFocus(90016)</visible>
						</control>
						<control type="label">
							<left>8</left>
							<top>4</top>
							<width>274</width>
							<height>43</height>
							<font>font14</font>
							<shadowcolor>shadow</shadowcolor>
							<textcolor>$VAR[ThemeLabelColor]</textcolor>
							<label>$PARAM[label2]</label>
							<animation effect="fade" start="100" end="40" time="300" tween="sine" easing="inout" condition="!Control.HasFocus($PARAM[id])">Conditional</animation>
						</control>
						<control type="label">
							<left>3</left>
							<top>422</top>
							<width>284</width>
							<height>43</height>
							<align>center</align>
							<font>font14</font>
							<shadowcolor>shadow</shadowcolor>
							<textcolor>$VAR[ThemeLabelColor]</textcolor>
							<label>$PARAM[label1]</label>
							<animation effect="fade" start="100" end="40" time="300" tween="sine" easing="inout" condition="!Control.HasFocus($PARAM[id])">Conditional</animation>
						</control>
						<control type="image">
							<left>242</left>
							<top>13</top>
							<width>40</width>
							<height>40</height>
							<texture>overlays/addons/enabled.png</texture>
							<visible>$PARAM[overlayVisibility]</visible>
						</control>
					</control>
				</focusedlayout>
				<content sortby="$PARAM[sortby]" limit="$PARAM[limit]" target="$PARAM[target]" browse="never">$PARAM[content]</content>
			</control>
		</definition>
	</include>
	<include name="HiddenActorList">
		<control type="wraplist" id="50">
			<include>HiddenList</include>
		</control>
	</include>
	<include name="DefaultActorList">
		<control type="list" id="50">
			<left>15</left>
			<width>1196</width>
			<height>480</height>
			<orientation>horizontal</orientation>
			<preloaditems>2</preloaditems>
			<scrolltime tween="quadratic" easing="out">300</scrolltime>
			<itemlayout height="480" width="299">
				<control type="image">
					<left>-15</left>
					<top>-10</top>
					<width>320</width>
					<height>450</height>
					<bordersize>22</bordersize>
					<bordertexture border="20" infill="false">thumbs/shadow.png</bordertexture>
					<aspectratio aligny="top">scale</aspectratio>
					<texture background="true" fallback="DefaultActor.png">$INFO[ListItem.Icon]</texture>
				</control>
				<control type="image">
					<left>5</left>
					<width>282</width>
					<height>418</height>
					<texture>poster_bottom_fade.png</texture>
				</control>
				<control type="label">
					<left>8</left>
					<top>374</top>
					<width>274</width>
					<height>43</height>
					<align>center</align>
					<font>font14</font>
					<shadowcolor>shadow</shadowcolor>
					<textcolor>white2</textcolor>
					<label>$INFO[ListItem.Label]</label>
				</control>
				<control type="label">
					<left>3</left>
					<top>422</top>
					<width>284</width>
					<height>43</height>
					<align>center</align>
					<font>font14</font>
					<shadowcolor>shadow</shadowcolor>
					<textcolor>white2</textcolor>
					<label>$INFO[ListItem.Label2]</label>
				</control>
			</itemlayout>
			<focusedlayout height="480" width="299">
				<control type="group">
					<animation effect="zoom" start="95" end="100" time="200" tween="sine" easing="inout" center="auto">Focus</animation>
					<control type="image">
						<left>-15</left>
						<top>-10</top>
						<width>320</width>
						<height>450</height>
						<bordersize>22</bordersize>
						<bordertexture border="20" infill="false">thumbs/shadow.png</bordertexture>
						<aspectratio aligny="top">scale</aspectratio>
						<texture background="true" fallback="DefaultActor.png">$INFO[ListItem.Icon]</texture>
					</control>
					<control type="image">
						<left>5</left>
						<width>282</width>
						<height>418</height>
						<texture>poster_bottom_fade.png</texture>
					</control>
					<control type="label">
						<left>8</left>
						<top>374</top>
						<width>274</width>
						<height>43</height>
						<align>center</align>
						<font>font14</font>
						<shadowcolor>shadow</shadowcolor>
						<textcolor>$VAR[ThemeLabelColor]</textcolor>
						<label>$INFO[ListItem.Label]</label>
						<animation effect="fade" start="100" end="40" time="300" tween="sine" easing="inout" condition="!Control.HasFocus(50)">Conditional</animation>
					</control>
					<control type="label">
						<left>3</left>
						<top>422</top>
						<width>284</width>
						<height>43</height>
						<align>center</align>
						<font>font14</font>
						<shadowcolor>shadow</shadowcolor>
						<textcolor>$VAR[ThemeLabelColor]</textcolor>
						<label>$INFO[ListItem.Label2]</label>
						<animation effect="fade" start="100" end="40" time="300" tween="sine" easing="inout" condition="!Control.HasFocus(50)">Conditional</animation>
					</control>
				</control>
			</focusedlayout>
		</control>
	</include>
	<include name="CustomActorList">
		<control type="list" id="90050">
			<left>15</left>
			<width>1200</width>
			<height>480</height>
			<orientation>horizontal</orientation>
			<preloaditems>2</preloaditems>
			<onclick>ClearProperty(crew_name,Home)</onclick>
			<onclick>SetProperty(actor_name,$INFO[Container(90050).ListItem.Label],Home)</onclick>
			<onclick>SetProperty(actor_role,$INFO[Container(90050).ListItem.Label2],Home)</onclick>
			<onclick>RunScript(script.skin.info.service,action=blur,source="$INFO[Container(90050).ListItem.Art(thumb)]",prefix=Person)</onclick>
			<onclick condition="Skin.HasSetting(OnlineCast)">RunScript(script.skin.info.service,action=person_info,person_id=$INFO[Container(90050).ListItem.Property(person_id)])</onclick>
			<onclick condition="!String.IsEqual(ListItem.DBTYPE,season) + !Skin.HasSetting(OnlineCast)">ActivateWindow(1129)</onclick>
			<onclick condition="String.IsEqual(ListItem.DBTYPE,season) | Skin.HasSetting(OnlineCast)">ActivateWindow(1109)</onclick>
			<scrolltime tween="quadratic" easing="out">300</scrolltime>
			<itemlayout height="480" width="300">
				<control type="image">
					<left>-15</left>
					<top>-10</top>
					<width>320</width>
					<height>450</height>
					<bordersize>22</bordersize>
					<bordertexture border="20" infill="false">thumbs/shadow.png</bordertexture>
					<aspectratio aligny="top">scale</aspectratio>
					<texture background="true">$INFO[ListItem.Icon]</texture>
				</control>
				<control type="image">
					<left>5</left>
					<width>282</width>
					<height>418</height>
					<texture>poster_bottom_fade.png</texture>
				</control>
				<control type="label">
					<left>8</left>
					<top>374</top>
					<width>274</width>
					<height>43</height>
					<align>center</align>
					<font>font14</font>
					<shadowcolor>shadow</shadowcolor>
					<textcolor>white2</textcolor>
					<label>$INFO[ListItem.Label]</label>
				</control>
				<control type="label">
					<left>3</left>
					<top>422</top>
					<width>284</width>
					<height>43</height>
					<align>center</align>
					<font>font14</font>
					<shadowcolor>shadow</shadowcolor>
					<textcolor>white2</textcolor>
					<label>$INFO[ListItem.Label2]</label>
				</control>
			</itemlayout>
			<focusedlayout height="480" width="300">
				<control type="group">
					<animation effect="zoom" start="95" end="100" time="200" tween="sine" easing="inout" center="auto">Focus</animation>
					<control type="image">
						<left>-15</left>
						<top>-10</top>
						<width>320</width>
						<height>450</height>
						<bordersize>22</bordersize>
						<bordertexture border="20" infill="false">thumbs/shadow.png</bordertexture>
						<aspectratio aligny="top">scale</aspectratio>
						<texture background="true">$INFO[ListItem.Icon]</texture>
					</control>
					<control type="image">
						<left>5</left>
						<width>282</width>
						<height>418</height>
						<texture>poster_bottom_fade.png</texture>
					</control>
					<control type="label">
						<left>8</left>
						<top>374</top>
						<width>274</width>
						<height>43</height>
						<align>center</align>
						<font>font14</font>
						<shadowcolor>shadow</shadowcolor>
						<textcolor>$VAR[ThemeLabelColor]</textcolor>
						<label>$INFO[ListItem.Label]</label>
						<animation effect="fade" start="100" end="40" time="300" tween="sine" easing="inout" condition="!Control.HasFocus(90050)">Conditional</animation>
					</control>
					<control type="label">
						<left>3</left>
						<top>422</top>
						<width>284</width>
						<height>43</height>
						<align>center</align>
						<font>font14</font>
						<shadowcolor>shadow</shadowcolor>
						<textcolor>$VAR[ThemeLabelColor]</textcolor>
						<label>$INFO[ListItem.Label2]</label>
						<animation effect="fade" start="100" end="40" time="300" tween="sine" easing="inout" condition="!Control.HasFocus(90050)">Conditional</animation>
					</control>
				</control>
			</focusedlayout>
			<content sortby="userpreference">$VAR[SkinInfoCastPathVar]</content>
		</control>
	</include>
	<include name="ExtendedInfoMovieLists">
		<include content="ExtendedInfoListLayout">
			<param name="id">90011</param>
			<param name="content">plugin://script.skin.info.service/?action=similar&amp;dbid=$INFO[ListItem.DBID]&amp;dbtype=$INFO[ListItem.DBType]&amp;limit=200</param>
			<param name="limit">40</param>
		</include>
		<include content="ExtendedInfoListLayout">
			<param name="id">90012</param>
			<param name="content">plugin://script.skin.info.service/?action=by_director&amp;dbid=$INFO[ListItem.DBID]&amp;dbtype=$INFO[ListItem.DBType]&amp;mix=false</param>
			<param name="sortby">random</param>
		</include>
		<include content="ExtendedInfoListLayout">
			<param name="id">90013</param>
			<param name="content">plugin://script.skin.info.service/?action=by_actor&amp;dbid=$INFO[ListItem.DBID]&amp;dbtype=$INFO[ListItem.DBType]&amp;mix=false&amp;reload=$INFO[Window(movieinformation).Property(OpenTime)]</param>
			<param name="sortby">random</param>
		</include>
	</include>
	<include name="ExtendedInfoSeriesLists">
		<include content="ExtendedInfoListLayout">
			<param name="id">90014</param>
			<param name="content">videodb://tvshows/titles/?xsp={"rules":{"and":[{"field":"genre","operator":"contains", "value":["$INFO[Window(Home).Property(encoded_genre_0)]"]},{"field":"genre","operator":"contains", "value":["$INFO[Window(Home).Property(encoded_genre_1)]"]},{"field":"title","operator":"isnot","value":["$INFO[Window(Home).Property(encoded_title)]"]}]},"type":"tvshows"}</param>
			<param name="limit">40</param>
			<param name="sortby">random</param>
		</include>
		<include content="ExtendedInfoListLayout">
			<param name="id">90015</param>
			<param name="content">plugin://script.skin.info.service/?action=by_actor&amp;dbid=$INFO[ListItem.DBID]&amp;dbtype=$INFO[ListItem.DBType]&amp;mix=false&amp;reload=$INFO[Window(movieinformation).Property(OpenTime)]</param>
			<param name="sortby">random</param>
		</include>
	</include>
	<include name="ExtendedSeasonPanel">
		<include content="ExtendedInfoListLayout">
			<param name="id">90016</param>
			<param name="do_onclick">false</param>
			<param name="label1">$INFO[ListItem.Label]$INFO[ListItem.Property(TotalEpisodes), (,)]</param>
			<param name="label2" />
			<param name="overlayVisibility">false</param>
			<param name="content">videodb://tvshows/titles/$INFO[ListItem.DBID]</param>
		</include>
	</include>
	<include name="ExtendedMovieSetPanel">
		<include content="ExtendedInfoListLayout">
			<param name="id">90017</param>
			<param name="overlayVisibility">false</param>
			<param name="content">videodb://movies/titles/?xsp={"rules":{"and":[{"field":"set","operator":"is","value":["$INFO[ListItem.Set]"]},{"field":"title","operator":"isnot","value":["$INFO[Window(Home).Property(encoded_title)]"]}]},"type":"movies"}</param>
			<param name="sortby">year</param>
		</include>
	</include>
	<include name="ExtendedInfoOnclick">
		<onclick condition="Window.IsDialogTopMost(movieinformation)">SetProperty(item_origin,$INFO[System.CurrentControlID],Home)</onclick>
		<onclick>RunScript(script.skin.info.service,action=urlencode,string="$INFO[Container($PARAM[id]).ListItem.Title]",prefix=CustomVideoTitle)</onclick>
		<onclick>SetProperty(item_dbid,$INFO[Container($PARAM[id]).Listitem.DBID],Home)</onclick>
		<onclick>SetProperty(item_dbtype,$INFO[Container($PARAM[id]).Listitem.DBTYPE],Home)</onclick>
		<onclick>SetProperty(item_poster,$INFO[Container($PARAM[id]).Listitem.Art(poster)],Home)</onclick>
		<onclick>SetProperty(item_status,$INFO[Container($PARAM[id]).Listitem.Status],Home)</onclick>
		<onclick>RunScript(script.skin.info.service,action=online_fetch,dbtype=$INFO[Container($PARAM[id]).Listitem.DBTYPE],dbid=$INFO[Container($PARAM[id]).Listitem.DBID])</onclick>
		<onclick>ActivateWindow(1102)</onclick>
	</include>
	<include name="PersonInfoLists">
		<include content="ExtendedInfoListLayout">
			<param name="id">90008</param>
			<param name="content">$INFO[Window(Home).Property(SkinInfo.Person.LibraryMovies)]</param>
			<param name="label">$INFO[Container(90008).ListItem.Property(role)]</param>
			<param name="labelVisibility">!String.IsEmpty(Container(90008).ListItem.Property(role))</param>
		</include>
		<include content="ExtendedInfoListLayout">
			<param name="id">90009</param>
			<param name="content">$INFO[Window(Home).Property(SkinInfo.Person.LibraryTVShows)]</param>
			<param name="label">$INFO[Container(90009).ListItem.Property(role)]</param>
			<param name="labelVisibility">!String.IsEmpty(Container(90009).ListItem.Property(role))</param>
		</include>
		<include content="ExtendedInfoListLayout">
			<param name="id">900010</param>
			<param name="content">plugin://script.skin.info.service/?action=person_info&amp;info_type=filmography&amp;person_id=$INFO[Window(Home).Property(SkinInfo.person_id)]&amp;dbtype=movie&amp;min_votes=100&amp;exclude_unreleased=true&amp;sort=popularity</param>
			<param name="label">$INFO[Container(900010).ListItem.Property(role)]</param>
			<param name="labelVisibility">!String.IsEmpty(Container(900010).ListItem.Property(role))</param>
		</include>
		<include content="ExtendedInfoListLayout">
			<param name="id">900011</param>
			<param name="content">plugin://script.skin.info.service/?action=person_info&amp;info_type=filmography&amp;person_id=$INFO[Window(Home).Property(SkinInfo.person_id)]&amp;dbtype=tvshow&amp;min_votes=100&amp;exclude_unreleased=true&amp;sort=popularity</param>
			<param name="label">$INFO[Container(900011).ListItem.Property(role)]</param>
			<param name="labelVisibility">!String.IsEmpty(Container(900011).ListItem.Property(role))</param>
		</include>
		<include content="ExtendedInfoListLayout">
			<param name="id">900012</param>
			<param name="content">$INFO[Window(Home).Property(SkinInfo.Person.Crew)]</param>
			<param name="label">$INFO[Container(900012).ListItem.Property(Job)]</param>
			<param name="labelVisibility">!String.IsEmpty(Container(900012).ListItem.Property(Job))</param>
		</include>
		<include content="ExtendedInfoListLayout">
			<param name="id">900020</param>
			<param name="do_onclick">false</param>
			<param name="label1">$INFO[Container(900020).ListItem.Property(height)]$INFO[Container(900020).ListItem.Property(width),x]</param>
			<param name="content">$INFO[Window(Home).Property(SkinInfo.Person.Images)]</param>
		</include>
	</include>
	<include name="DefaultSetList">
		<control type="panel" id="50">
			<left>15</left>
			<width>1196</width>
			<height>500</height>
			<orientation>horizontal</orientation>
			<preloaditems>2</preloaditems>
			<scrolltime tween="quadratic" easing="out">300</scrolltime>
			<itemlayout height="500" width="299">
				<control type="image">
					<left>-15</left>
					<top>-10</top>
					<width>319</width>
					<height>450</height>
					<bordersize>22</bordersize>
					<bordertexture border="20" infill="false">thumbs/shadow.png</bordertexture>
					<aspectratio aligny="top">scale</aspectratio>
					<texture background="true" fallback="DefaultMovies.png">$INFO[Container(50).ListItem.Art(poster)]</texture>
				</control>
				<control type="label">
					<left>3</left>
					<top>422</top>
					<width>284</width>
					<height>43</height>
					<align>center</align>
					<font>font14</font>
					<shadowcolor>shadow</shadowcolor>
					<textcolor>white2</textcolor>
					<label>$INFO[ListItem.Label]</label>
				</control>
			</itemlayout>
			<focusedlayout height="500" width="299">
				<control type="group">
					<animation effect="zoom" start="95" end="100" time="200" tween="sine" easing="inout" center="auto">Focus</animation>
					<control type="image">
						<left>-15</left>
						<top>-10</top>
						<width>320</width>
						<height>450</height>
						<bordersize>22</bordersize>
						<bordertexture border="20" infill="false">thumbs/shadow.png</bordertexture>
						<aspectratio aligny="top">scale</aspectratio>
						<texture background="true" fallback="DefaultMovies.png">$INFO[Container(50).ListItem.Art(poster)]</texture>
					</control>
					<control type="label">
						<left>3</left>
						<top>422</top>
						<width>284</width>
						<height>43</height>
						<align>center</align>
						<font>font14</font>
						<shadowcolor>shadow</shadowcolor>
						<textcolor>$VAR[ThemeLabelColor]</textcolor>
						<label>$INFO[ListItem.Label]</label>
						<animation effect="fade" start="100" end="40" time="300" tween="sine" easing="inout" condition="!Control.HasFocus(50)">Conditional</animation>
					</control>
				</control>
			</focusedlayout>
		</control>
	</include>
	<include name="InfoSublabelMovies">
		<control type="fadelabel">
			<width>1075</width>
			<height>30</height>
			<align>left</align>
			<aligny>center</aligny>
			<font>font15</font>
			<textcolor>$VAR[ThemeLabelColor]</textcolor>
			<scrollout>false</scrollout>
			<pauseatend>5500</pauseatend>
			<label>$INFO[ListItem.Tagline]</label>
			<label>$INFO[Window(Home).Property(SkinInfo.Online.Awards)]</label>
			<label>$INFO[ListItem.EndTime,$LOCALIZE[31393]: ,]</label>
			<label>$INFO[Window(Home).Property(SkinInfo.Online.CommonSense.Summary)]</label>
			<visible>!String.IsEmpty(ListItem.Tagline) + [String.IsEmpty(ListItem.OriginalTitle) | String.IsEqual(ListItem.OriginalTitle,ListItem.Title)]</visible>
		</control>
		<control type="fadelabel">
			<width>1075</width>
			<height>30</height>
			<align>left</align>
			<aligny>center</aligny>
			<font>font15</font>
			<textcolor>$VAR[ThemeLabelColor]</textcolor>
			<scroll>true</scroll>
			<scrollout>false</scrollout>
			<pauseatend>5500</pauseatend>
			<label>$INFO[ListItem.Tagline]</label>
			<label>$INFO[Window(Home).Property(SkinInfo.Online.Awards)]</label>
			<label>$INFO[ListItem.EndTime,$LOCALIZE[31393]: ,]</label>
			<label>$INFO[ListItem.OriginalTitle]</label>
			<visible>!String.IsEmpty(ListItem.Tagline) + !String.IsEqual(ListItem.OriginalTitle,ListItem.Title)</visible>
		</control>
		<control type="label">
			<height>30</height>
			<font>font15</font>
			<textcolor>$VAR[ThemeLabelColor]</textcolor>
			<scroll>true</scroll>
			<label>$INFO[ListItem.EndTime,$LOCALIZE[31393]: ,]</label>
			<visible>String.IsEmpty(ListItem.Tagline) + [String.IsEmpty(ListItem.OriginalTitle) | String.IsEqual(ListItem.OriginalTitle,ListItem.Title)]</visible>
		</control>
	</include>
	<include name="InfoSublabelSets">
		<control type="label">
			<width>1175</width>
			<height>30</height>
			<align>left</align>
			<aligny>center</aligny>
			<font>font15</font>
			<textcolor>$VAR[ThemeLabelColor]</textcolor>
			<label>$INFO[Container(50).NumItems,, $LOCALIZE[342]]</label>
		</control>
	</include>
	<include name="InfoSublabelTVShows">
		<control type="fadelabel">
			<width>1175</width>
			<height>30</height>
			<align>left</align>
			<aligny>center</aligny>
			<font>font15</font>
			<textcolor>$VAR[ThemeLabelColor]</textcolor>
			<scroll>true</scroll>
			<scrollout>false</scrollout>
			<pauseatend>4500</pauseatend>
			<label>$VAR[VideoInfoTVSubtitleVar]</label>
			<label>$INFO[Window(Home).Property(SkinInfo.Online.Tagline)]</label>
			<label>$INFO[Window(Home).Property(SkinInfo.Online.Awards)]</label>
			<visible>[!String.IsEmpty(ListItem.Status) | !String.IsEmpty(Window(Home).Property(SkinInfo.Online.Status))] + !String.IsEmpty(Window(Home).Property(SkinInfo.Online.Awards)) | !String.IsEmpty(Window(Home).Property(SkinInfo.Online.Tagline))</visible>
		</control>
		<control type="label">
			<width>1175</width>
			<height>30</height>
			<align>left</align>
			<aligny>center</aligny>
			<font>font15</font>
			<textcolor>$VAR[ThemeLabelColor]</textcolor>
			<label>$VAR[VideoInfoTVSubtitleVar]</label>
			<visible>[!String.IsEmpty(ListItem.Status) | !String.IsEmpty(Window(Home).Property(SkinInfo.Online.Status))] + String.IsEmpty(Window(Home).Property(SkinInfo.Online.Awards)) + String.IsEmpty(Window(Home).Property(SkinInfo.Online.Tagline))</visible>
		</control>
	</include>
	<include name="InfoSublabelEpisodes">
		<control type="fadelabel">
			<width>1175</width>
			<height>30</height>
			<align>left</align>
			<aligny>center</aligny>
			<font>font15</font>
			<textcolor>$VAR[ThemeLabelColor]</textcolor>
			<scroll>true</scroll>
			<scrollout>false</scrollout>
			<pauseatend>4500</pauseatend>
			<label>$INFO[ListItem.TvShowTitle]</label>
			<label>$INFO[ListItem.EndTime,$LOCALIZE[31393]: ,]</label>
			<label>$VAR[VideoInfoTVSubtitleVar]</label>
			<label>$INFO[Window(Home).Property(SkinInfo.Online.NextEpisodeSeason),S]$INFO[Window(Home).Property(SkinInfo.Online.NextEpisode),E,  - ]$INFO[Window(Home).Property(SkinInfo.Online.NextEpisodeTitle)]$INFO[Window(Home).Property(SkinInfo.Online.NextEpisodeAired), (,)]</label>
		</control>
	</include>
	<include name="InfoSublabelMusicvideos">
		<control type="label">
			<height>30</height>
			<font>font15</font>
			<textcolor>$VAR[ThemeLabelColor]</textcolor>
			<scroll>true</scroll>
			<label>$INFO[ListItem.Artist]</label>
			<visible>!String.IsEmpty(ListItem.Artist)</visible>
		</control>
	</include>
	<include name="InfoDetailsPanel">
		<control type="group">
			<left>3</left>
			<top>110</top>
			<control type="button" id="$PARAM[button_id]">
				<top>83</top>
				<width>1198</width>
				<height>351</height>
				<include>ButtonInfoDialogsCommonValues</include>
				<onunfocus>ClearProperty(MoreInfoTitle,$PARAM[window_id])</onunfocus>
				<onunfocus>ClearProperty(MoreInfoContent,$PARAM[window_id])</onunfocus>
				<onclick>SetFocus($PARAM[panel_id])</onclick>
				<onleft>SetFocus($PARAM[panel_id])</onleft>
				<onright>SetFocus($PARAM[panel_id])</onright>
				<onup>SetFocus($PARAM[panel_id])</onup>
				<ondown>SetFocus($PARAM[panel_id])</ondown>
			</control>
			<control type="group">
				<left>3</left>
				<top>66</top>
				<include>VisibleFadeAnimation</include>
				<visible>Control.HasFocus($PARAM[button_id])</visible>
				<control type="label">
					<top>32</top>
					<width>1198</width>
					<height>40</height>
					<font>font48_title</font>
					<textoffsetx>20</textoffsetx>
					<textcolor>$VAR[ThemeLabelColor]</textcolor>
					<label>$INFO[Window($PARAM[window_id]).Property(MoreInfoTitle)]</label>
				</control>
				<control type="textbox">
					<left>20</left>
					<top>85</top>
					<width>1158</width>
					<height>280</height>
					<align>justify</align>
					<font>font18_textbox</font>
					<label>$INFO[Window($PARAM[window_id]).Property(MoreInfoContent)]</label>
					<autoscroll time="3000" delay="4000" repeat="5000">Skin.HasSetting(Enable.AutoScroll)</autoscroll>
				</control>
			</control>
			<control type="panel" id="$PARAM[panel_id]">
				<top>78</top>
				<width>1198</width>
				<height>360</height>
				<ondown condition="$PARAM[ondown_condition]">$PARAM[panel_ondown]</ondown>
				<ondown condition="$PARAM[ondown_condition2]">$PARAM[panel_ondown2]</ondown>
				<orientation>horizontal</orientation>
				<visible allowhiddenfocus="true">!Control.HasFocus($PARAM[button_id])</visible>
				<include>VisibleFadeAnimation</include>
				<scrolltime tween="quadratic" easing="out">200</scrolltime>
				<itemlayout height="72" width="1198" condition="!Skin.HasSetting(MoreVideoInfoDetails) | Integer.IsLess(Container($PARAM[panel_id]).NumItems,6)">
					<control type="label">
						<width>1198</width>
						<height>70</height>
						<font>font15</font>
						<textcolor>$VAR[ThemeLabelColor]</textcolor>
						<label>$INFO[ListItem.Label2,, ]$INFO[ListItem.Label,[COLOR grey], [/COLOR]]</label>
						<textoffsetx>20</textoffsetx>
					</control>
				</itemlayout>
				<focusedlayout height="72" width="1198" condition="!Skin.HasSetting(MoreVideoInfoDetails) | Integer.IsLess(Container($PARAM[panel_id]).NumItems,6)">
					<control type="image">
						<top>5</top>
						<width>1198</width>
						<height>62</height>
						<texture colordiffuse="$VAR[HighlightBarColor]" border="4">colors/white50.png</texture>
						<visible>Control.HasFocus($PARAM[panel_id])</visible>
						<include>VisibleFadeAnimation</include>
					</control>
					<control type="label">
						<width>1198</width>
						<height>70</height>
						<font>font15</font>
						<label>$INFO[ListItem.Label2,, ]$INFO[ListItem.Label]</label>
						<animation effect="fade" start="100" end="70" time="300" tween="sine" easing="inout" condition="!Control.HasFocus($PARAM[panel_id])">Conditional</animation>
						<textoffsetx>20</textoffsetx>
					</control>
				</focusedlayout>
				<itemlayout height="72" width="599" condition="Skin.HasSetting(MoreVideoInfoDetails) + Integer.IsGreater(Container($PARAM[panel_id]).NumItems,5)">
					<control type="label">
						<width>599</width>
						<height>70</height>
						<font>font15</font>
						<textcolor>$VAR[ThemeLabelColor]</textcolor>
						<label>$INFO[ListItem.Label2,, ]$INFO[ListItem.Label,[COLOR grey], [/COLOR]]</label>
						<textoffsetx>20</textoffsetx>
					</control>
				</itemlayout>
				<focusedlayout height="72" width="599" condition="Skin.HasSetting(MoreVideoInfoDetails) + Integer.IsGreater(Container($PARAM[panel_id]).NumItems,5)">
					<control type="image">
						<top>5</top>
						<width>599</width>
						<height>62</height>
						<texture colordiffuse="$VAR[HighlightBarColor]" border="4">colors/white50.png</texture>
						<visible>Control.HasFocus($PARAM[panel_id])</visible>
						<include>VisibleFadeAnimation</include>
					</control>
					<control type="label">
						<width>599</width>
						<height>70</height>
						<font>font15</font>
						<label>$INFO[ListItem.Label2,, ]$INFO[ListItem.Label]</label>
						<animation effect="fade" start="100" end="70" time="300" tween="sine" easing="inout" condition="!Control.HasFocus($PARAM[panel_id])">Conditional</animation>
						<textoffsetx>20</textoffsetx>
					</control>
				</focusedlayout>
				<content>
					<include>$PARAM[include]</include>
				</content>
			</control>
			<control type="group">
				<visible>!Control.HasFocus($PARAM[button_id])</visible>
				<left>-13</left>
				<top>240</top>
				<control type="button">
					<width>36</width>
					<height>36</height>
					<texturefocus flipx="true" colordiffuse="grey">arrowright2.png</texturefocus>
					<texturenofocus flipx="true" colordiffuse="grey">arrowright2.png</texturenofocus>
					<visible>Container($PARAM[panel_id]).HasPrevious</visible>
					<include>VisibleFadeAnimation</include>
				</control>
				<control type="button">
					<left>1185</left>
					<width>36</width>
					<height>36</height>
					<texturefocus colordiffuse="grey">arrowright2.png</texturefocus>
					<texturenofocus colordiffuse="grey">arrowright2.png</texturenofocus>
					<visible>Container($PARAM[panel_id]).HasNext</visible>
					<include>VisibleFadeAnimation</include>
				</control>
			</control>
			<control type="image">
				<top>433</top>
				<height>1</height>
				<texture colordiffuse="$VAR[ThemeLabelColor]">colors/white.png</texture>
			</control>
		</control>
	</include>
	<include name="InfoContentDetails">
		<include condition="String.IsEqual(ListItem.DBTYPE,set)">InfoContentSets</include>
		<include condition="String.IsEqual(ListItem.DBTYPE,movie)">InfoContentMovies</include>
		<include condition="String.IsEqual(ListItem.DBTYPE,tvshow) | String.IsEqual(ListItem.DBTYPE,season)">InfoContentTVShows</include>
		<include condition="String.IsEqual(ListItem.DBTYPE,episode)">InfoContentEpisodes</include>
		<include>InfoContentGeneral</include>
	</include>
	<include name="CustomInfoContentDetails">
		<include condition="String.IsEqual(Window(Home).Property(item_dbtype),movie)">CustomInfoContentMovies</include>
		<include condition="String.IsEqual(Window(Home).Property(item_dbtype),tvshow)">CustomInfoContentTVShows</include>
		<include>CustomInfoContentGeneral</include>
	</include>
	<include name="InfoContentSets">
		<item>
			<label>$VAR[VideoDirectorVar]</label>
			<label2>$LOCALIZE[20348]:</label2>
			<onclick>SetProperty(MoreInfoTitle,$LOCALIZE[20348])</onclick>
			<onclick>SetProperty(MoreInfoContent,$ESCVAR[VideoDirectorVar])</onclick>
			<onclick>SetFocus(64)</onclick>
			<visible>!String.IsEmpty(Container(4501).ListItem.Property(director.collection)) | !String.IsEmpty(Container(4500).ListItemNoWrap(0).Director)</visible>
		</item>
		<item>
			<label>$VAR[VideoWriterVar]</label>
			<label2>$LOCALIZE[20418]:</label2>
			<onclick>SetProperty(MoreInfoTitle,$LOCALIZE[20418])</onclick>
			<onclick>SetProperty(MoreInfoContent,$ESCVAR[VideoWriterVar])</onclick>
			<onclick>SetFocus(64)</onclick>
			<visible>!String.IsEmpty(Container(4501).ListItem.Property(writer.collection)) | !String.IsEmpty(Container(4500).ListItemNoWrap(0).Writer)</visible>
		</item>
		<item>
			<label>$VAR[VideoGenreVar]</label>
			<label2>$LOCALIZE[515]:</label2>
			<onclick>SetProperty(MoreInfoTitle,$LOCALIZE[515])</onclick>
			<onclick>SetProperty(MoreInfoContent,$ESCVAR[VideoGenreVar])</onclick>
			<onclick>SetFocus(64)</onclick>
			<visible>!String.IsEmpty(Container(4501).ListItem.Property(genre.collection)) | !String.IsEmpty(Container(4500).ListItemNoWrap(0).Genre)</visible>
		</item>
	</include>
	<include name="InfoContentMovies">
		<item>
			<label>$INFO[ListItem.Director]</label>
			<label2>$LOCALIZE[20339]:</label2>
			<onclick>ClearProperty(actor_name,Home)</onclick>
			<onclick>SetProperty(crew_name,$INFO[ListItem.Director],Home)</onclick>
			<onclick>SetProperty(crew_job,director,Home)</onclick>
			<onclick>ActivateWindow(1129)</onclick>
			<visible>!String.IsEmpty(ListItem.Director)</visible>
		</item>
		<item>
			<label>$INFO[ListItem.Writer]</label>
			<label2>$LOCALIZE[20417]:</label2>
			<onclick>ClearProperty(actor_name,Home)</onclick>
			<onclick>SetProperty(crew_name,$INFO[ListItem.Writer],Home)</onclick>
			<onclick>SetProperty(crew_job,writer,Home)</onclick>
			<onclick>ActivateWindow(1129)</onclick>
			<visible>!String.IsEmpty(ListItem.Writer)</visible>
		</item>
		<item>
			<label>$INFO[ListItem.Genre]</label>
			<label2>$LOCALIZE[515]:</label2>
			<onclick>SetProperty(MoreInfoTitle,$LOCALIZE[515])</onclick>
			<onclick>SetProperty(MoreInfoContent,$ESCINFO[ListItem.Genre])</onclick>
			<onclick>SetFocus(64)</onclick>
			<visible>!String.IsEmpty(ListItem.Genre)</visible>
		</item>
		<item>
			<label>$INFO[Window(Home).Property(SkinInfo.Online.Budget)]</label>
			<label2>$LOCALIZE[31850]:</label2>
			<onclick>SetProperty(MoreInfoTitle,$LOCALIZE[31850])</onclick>
			<onclick>SetProperty(MoreInfoContent,$ESCINFO[Window(Home).Property(SkinInfo.Online.Budget)])</onclick>
			<onclick>SetFocus(64)</onclick>
			<visible>!String.IsEmpty(Window(Home).Property(SkinInfo.Online.Budget)) + !Skin.HasSetting(HideBudgetRevenue)</visible>
		</item>
		<item>
			<label>$INFO[Window(Home).Property(SkinInfo.Online.Revenue)]</label>
			<label2>$LOCALIZE[31851]:</label2>
			<onclick>SetProperty(MoreInfoTitle,$LOCALIZE[31851])</onclick>
			<onclick>SetProperty(MoreInfoContent,$ESCINFO[Window(Home).Property(SkinInfo.Online.Revenue)])</onclick>
			<onclick>SetFocus(64)</onclick>
			<visible>!String.IsEmpty(Window(Home).Property(SkinInfo.Online.Revenue)) + !Skin.HasSetting(HideBudgetRevenue)</visible>
		</item>
		<item>
			<label>$INFO[ListItem.Premiered]</label>
			<label2>$LOCALIZE[172]:</label2>
			<onclick>SetProperty(MoreInfoTitle,$LOCALIZE[172])</onclick>
			<onclick>SetProperty(MoreInfoContent,$ESCINFO[ListItem.Premiered])</onclick>
			<onclick>SetFocus(64)</onclick>
			<visible>!String.IsEmpty(ListItem.Premiered)</visible>
		</item>
	</include>
	<include name="CustomInfoContentMovies">
		<item>
			<label>$INFO[Container(4800).ListItem.Director]</label>
			<label2>$LOCALIZE[20339]:</label2>
			<onfocus>ClearProperty(person_id,Home)</onfocus>
			<onclick>RunScript(script.skin.info.service,action=person_info,name=$INFO[Container(4800).ListItem.Director],crew=director,dbid=$INFO[Window(Home).Property(item_dbid)],dbtype=movie,open_window=1109)</onclick>
			<visible>!String.IsEmpty(Container(4800).ListItem.Director)</visible>
		</item>
		<item>
			<label>$INFO[Container(4801).ListItem.Director]</label>
			<label2>$LOCALIZE[20339]:</label2>
			<visible>String.IsEmpty(Container(4800).ListItem.Director) + !String.IsEmpty(Container(4801).ListItem.Director)</visible>
		</item>
		<item>
			<label>$INFO[Container(4800).ListItem.Writer]</label>
			<label2>$LOCALIZE[20417]:</label2>
			<onclick>RunScript(script.skin.info.service,action=person_info,name=$INFO[Container(4800).ListItem.Writer],crew=writer,dbid=$INFO[Window(Home).Property(item_dbid)],dbtype=movie,open_window=1109)</onclick>
			<visible>!String.IsEmpty(Container(4800).ListItem.Writer)</visible>
		</item>
		<item>
			<label>$INFO[Container(4801).ListItem.Writer]</label>
			<label2>$LOCALIZE[20417]:</label2>
			<visible>String.IsEmpty(Container(4800).ListItem.Writer) + !String.IsEmpty(Container(4801).ListItem.Writer)</visible>
		</item>
		<item>
			<label>$INFO[Container(4800).ListItem.Genre]</label>
			<label2>$LOCALIZE[515]:</label2>
			<onclick>SetProperty(MoreInfoTitle,$LOCALIZE[515])</onclick>
			<onclick>SetProperty(MoreInfoContent,$INFO[Container(4800).ListItem.Genre])</onclick>
			<onclick>SetFocus(4700)</onclick>
			<visible>!String.IsEmpty(Container(4800).ListItem.Genre)</visible>
		</item>
		<item>
			<label>$INFO[Container(4801).ListItem.Genre]</label>
			<label2>$LOCALIZE[515]:</label2>
			<visible>String.IsEmpty(Container(4800).ListItem.Genre) + !String.IsEmpty(Container(4801).ListItem.Genre)</visible>
		</item>
		<item>
			<label>$INFO[Container(4802).ListItem.Property(TMDB.Budget)]</label>
			<label2>$LOCALIZE[31850]:</label2>
			<onclick>SetProperty(MoreInfoTitle,$LOCALIZE[31850])</onclick>
			<onclick>SetProperty(MoreInfoContent,$ESCINFO[Container(4802).ListItem.Property(Budget)])</onclick>
			<onclick>SetFocus(4700)</onclick>
			<visible>!String.IsEmpty(Container(4802).ListItem.Property(TMDB.Budget)) + !Skin.HasSetting(HideBudgetRevenue)</visible>
		</item>
		<item>
			<label>$INFO[Container(4802).ListItem.Property(TMDB.Revenue)]</label>
			<label2>$LOCALIZE[31851]:</label2>
			<onclick>SetProperty(MoreInfoTitle,$LOCALIZE[31851])</onclick>
			<onclick>SetProperty(MoreInfoContent,$ESCINFO[Container(4802).ListItem.Property(TMDB.Revenue)])</onclick>
			<onclick>SetFocus(4700)</onclick>
			<visible>!String.IsEmpty(Container(4802).ListItem.Property(TMDB.Revenue)) + !Skin.HasSetting(HideBudgetRevenue)</visible>
		</item>
		<item>
			<label>$INFO[Container(4800).ListItem.Premiered]</label>
			<label2>$LOCALIZE[172]:</label2>
			<onclick>SetProperty(MoreInfoTitle,$LOCALIZE[172])</onclick>
			<onclick>SetProperty(MoreInfoContent,$ESCINFO[Container(4800).ListItem.Premiered])</onclick>
			<onclick>SetFocus(4700)</onclick>
			<visible>!String.IsEmpty(Container(4800).ListItem.Premiered)</visible>
		</item>
		<item>
			<label>$INFO[Container(4801).ListItem.Premiered]</label>
			<label2>$LOCALIZE[172]:</label2>
			<visible>String.IsEmpty(Container(4800).ListItem.Premiered) + !String.IsEmpty(Container(4801).ListItem.Premiered)</visible>
		</item>
	</include>
	<include name="InfoContentTVShows">
		<item>
			<label>$INFO[Window(Home).Property(SkinInfo.Online.Creator)]</label>
			<label2>$LOCALIZE[31096]:</label2>
			<onclick>ClearProperty(actor_name,Home)</onclick>
			<onclick>SetProperty(crew_name,$INFO[Window(Home).Property(SkinInfo.Online.Creator)],Home)</onclick>
			<onclick>SetProperty(crew_job,creator,Home)</onclick>
			<onclick>ActivateWindow(1129)</onclick>
			<visible>!String.IsEmpty(Window(Home).Property(SkinInfo.Online.Creator))</visible>
		</item>
		<item>
			<label>$INFO[Window(Home).Property(SkinInfo.Online.NextEpisodeSeason),S]$INFO[Window(Home).Property(SkinInfo.Online.NextEpisode),E, - ]$INFO[Window(Home).Property(SkinInfo.Online.NextEpisodeTitle)]$INFO[Window(Home).Property(SkinInfo.Online.NextEpisodeAired), (,)]</label>
			<label2>$LOCALIZE[19031]:</label2>
			<onclick>SetProperty(MoreInfoTitle,$LOCALIZE[19031])</onclick>
			<onclick>SetProperty(MoreInfoContent,$INFO[Window(Home).Property(SkinInfo.Online.NextEpisodeSeason),S]$INFO[Window(Home).Property(SkinInfo.Online.NextEpisode),E, - ]$INFO[Window(Home).Property(SkinInfo.Online.NextEpisodeTitle)]$INFO[Window(Home).Property(SkinInfo.Online.NextEpisodeAired), (,)])</onclick>
			<onclick>SetFocus(64)</onclick>
			<visible>!String.IsEmpty(Window(Home).Property(SkinInfo.Online.NextEpisodeTitle))</visible>
		</item>
		<item>
			<label>$INFO[Window(Home).Property(SkinInfo.Online.LastEpisodeSeason),S]$INFO[Window(Home).Property(SkinInfo.Online.LastEpisode),E, - ]$INFO[Window(Home).Property(SkinInfo.Online.LastEpisodeTitle)]$INFO[Window(Home).Property(SkinInfo.Online.LastEpisodeAired), (,)]</label>
			<label2>$LOCALIZE[31374]:</label2>
			<onclick>SetProperty(MoreInfoTitle,$LOCALIZE[31374])</onclick>
			<onclick>SetProperty(MoreInfoContent,$INFO[Window(Home).Property(SkinInfo.Online.LastEpisodeSeason),S]$INFO[Window(Home).Property(SkinInfo.Online.LastEpisode),E, - ]$ESCINFO[Window(Home).Property(SkinInfo.Online.LastEpisodeTitle)]$INFO[Window(Home).Property(SkinInfo.Online.LastEpisodeAired), (,)])</onclick>
			<onclick>SetFocus(64)</onclick>
			<visible>!String.IsEmpty(Window(Home).Property(SkinInfo.Online.LastEpisodeTitle))</visible>
		</item>
		<item>
			<label>$INFO[ListItem.Genre]</label>
			<label2>$LOCALIZE[515]:</label2>
			<onclick>SetProperty(MoreInfoTitle,$LOCALIZE[515])</onclick>
			<onclick>SetProperty(MoreInfoContent,$ESCINFO[ListItem.Genre])</onclick>
			<onclick>SetFocus(64)</onclick>
			<visible>!String.IsEmpty(ListItem.Genre)</visible>
		</item>
		<item>
			<label>$INFO[ListItem.Premiered]</label>
			<label2>$LOCALIZE[31452]:</label2>
			<onclick>SetProperty(MoreInfoTitle,$LOCALIZE[31452])</onclick>
			<onclick>SetProperty(MoreInfoContent,$ESCINFO[ListItem.Premiered])</onclick>
			<onclick>SetFocus(64)</onclick>
			<visible>!String.IsEmpty(ListItem.Premiered)</visible>
		</item>
	</include>
	<include name="CustomInfoContentTVShows">
		<item>
			<label>$INFO[Container(4800).ListItem.Genre]</label>
			<label2>$LOCALIZE[515]:</label2>
			<onclick>SetProperty(MoreInfoTitle,$LOCALIZE[515])</onclick>
			<onclick>SetProperty(MoreInfoContent,$ESCINFO[Container(4800).ListItem.Genre])</onclick>
			<onclick>SetFocus(4700)</onclick>
			<visible>!String.IsEmpty(Container(4800).ListItem.Genre)</visible>
		</item>
		<item>
			<label>$INFO[Container(4801).ListItem.Genre]</label>
			<label2>$LOCALIZE[515]:</label2>
			<visible>String.IsEmpty(Container(4800).ListItem.Genre) + !String.IsEmpty(Container(4801).ListItem.Genre)</visible>
		</item>
		<item>
			<label>$INFO[Container(4800).ListItem.Premiered]</label>
			<label2>$LOCALIZE[31452]:</label2>
			<onclick>SetProperty(MoreInfoTitle,$LOCALIZE[31452])</onclick>
			<onclick>SetProperty(MoreInfoContent,$ESCINFO[Container(4800).ListItem.Premiered])</onclick>
			<onclick>SetFocus(4700)</onclick>
			<visible>!String.IsEmpty(Container(4800).ListItem.Premiered)</visible>
		</item>
		<item>
			<label>$INFO[Container(4801).ListItem.Premiered]</label>
			<label2>$LOCALIZE[172]:</label2>
			<visible>String.IsEmpty(Container(4800).ListItem.Premiered) + !String.IsEmpty(Container(4801).ListItem.Premiered)</visible>
		</item>
		<item>
			<label>$INFO[Container(4802).ListItem.Property(Next_Aired.Season),S]$INFO[Container(4802).ListItem.Property(Next_Aired.Episode),E, - ]$INFO[Container(4802).ListItem.Property(Next_Aired.Title)]$INFO[Container(4802).ListItem.Property(Next_Aired), (,)]</label>
			<label2>$LOCALIZE[19031]:</label2>
			<onclick>SetProperty(MoreInfoTitle,$LOCALIZE[19031])</onclick>
			<onclick>SetProperty(MoreInfoContent,$INFO[Container(4802).ListItem.Property(Next_Aired.Season),S]$INFO[Container(4802).ListItem.Property(Next_Aired.Episode),E, - ]$ESCINFO[Container(4802).ListItem.Property(Next_Aired.Title)]$INFO[Container(4802).ListItem.Property(Next_Aired), (,)])</onclick>
			<onclick>SetFocus(4700)</onclick>
			<visible>!String.IsEmpty(Container(4802).ListItem.Property(Next_Aired))</visible>
		</item>
		<item>
			<label>$INFO[Container(4802).ListItem.Property(Last_Aired.Season),S]$INFO[Container(4802).ListItem.Property(Last_Aired.Episode),E, - ]$INFO[Container(4802).ListItem.Property(Last_Aired.Title)]$INFO[Container(4802).ListItem.Property(Last_Aired), (,)]</label>
			<label2>$LOCALIZE[31374]:</label2>
			<onclick>SetProperty(MoreInfoTitle,$LOCALIZE[31374])</onclick>
			<onclick>SetProperty(MoreInfoContent,$INFO[Container(4802).ListItem.Property(Last_Aired.Season),S]$INFO[Container(4802).ListItem.Property(Last_Aired.Episode),E, - ]$ESCINFO[Container(4802).ListItem.Property(Last_Aired.Title)]$INFO[Container(4802).ListItem.Property(Last_Aired), (,)])</onclick>
			<onclick>SetFocus(4700)</onclick>
			<visible>!String.IsEmpty(Container(4802).ListItem.Property(Last_Aired))</visible>
		</item>
	</include>
	<include name="InfoContentEpisodes">
		<item>
			<label>$INFO[ListItem.Director]</label>
			<label2>$LOCALIZE[20339]:</label2>
			<onclick>ClearProperty(actor_name,Home)</onclick>
			<onclick>SetProperty(crew_name,$INFO[ListItem.Director],Home)</onclick>
			<onclick>SetProperty(crew_job,director,Home)</onclick>
			<onclick>ActivateWindow(1129)</onclick>
			<visible>!String.IsEmpty(ListItem.Director)</visible>
		</item>
		<item>
			<label>$INFO[ListItem.Writer]</label>
			<label2>$LOCALIZE[20417]:</label2>
			<onclick>ClearProperty(actor_name,Home)</onclick>
			<onclick>SetProperty(crew_name,$INFO[ListItem.Writer],Home)</onclick>
			<onclick>SetProperty(crew_job,writer,Home)</onclick>
			<onclick>ActivateWindow(1129)</onclick>
			<visible>!String.IsEmpty(ListItem.Writer)</visible>
		</item>
		<item>
			<label>$INFO[ListItem.Premiered]</label>
			<label2>$LOCALIZE[172]:</label2>
			<onclick>SetProperty(MoreInfoTitle,$LOCALIZE[172])</onclick>
			<onclick>SetProperty(MoreInfoContent,$ESCINFO[ListItem.Premiered])</onclick>
			<onclick>SetFocus(64)</onclick>
			<visible>!String.IsEmpty(ListItem.Premiered)</visible>
		</item>
	</include>
	<include name="InfoContentGeneral">
		<item>
			<label>$INFO[ListItem.PercentPlayed,,%]</label>
			<label2>$LOCALIZE[575]:</label2>
			<onclick>SetProperty(MoreInfoTitle,$LOCALIZE[575])</onclick>
			<onclick>SetProperty(MoreInfoContent,$ESCINFO[ListItem.PercentPlayed,,%])</onclick>
			<onclick>SetFocus(64)</onclick>
			<visible>ListItem.IsResumable + !String.IsEqual(ListItem.PercentPlayed,0)</visible>
		</item>
		<item>
			<label>$INFO[ListItem.LastPlayed]</label>
			<label2>$LOCALIZE[568]:</label2>
			<onclick>SetProperty(MoreInfoTitle,$LOCALIZE[568])</onclick>
			<onclick>SetProperty(MoreInfoContent,$ESCINFO[ListItem.LastPlayed])</onclick>
			<onclick>SetFocus(64)</onclick>
			<visible>!String.IsEmpty(ListItem.LastPlayed)</visible>
		</item>
		<item>
			<label>$INFO[ListItem.DateAdded]</label>
			<label2>$LOCALIZE[570]:</label2>
			<onclick>SetProperty(MoreInfoTitle,$LOCALIZE[570])</onclick>
			<onclick>SetProperty(MoreInfoContent,$ESCINFO[ListItem.DateAdded])</onclick>
			<onclick>SetFocus(64)</onclick>
			<visible>!String.IsEmpty(ListItem.DateAdded)</visible>
		</item>
		<item>
			<label>$INFO[ListItem.PlayCount]</label>
			<label2>$LOCALIZE[567]:</label2>
			<onclick>SetProperty(MoreInfoTitle,$LOCALIZE[567])</onclick>
			<onclick>SetProperty(MoreInfoContent,$ESCINFO[ListItem.PlayCount])</onclick>
			<onclick>SetFocus(64)</onclick>
			<visible>!String.IsEmpty(ListItem.PlayCount)</visible>
		</item>
		<item>
			<label>$INFO[ListItem.Tag]</label>
			<label2>$LOCALIZE[20459]:</label2>
			<onclick>SetProperty(MoreInfoTitle,$LOCALIZE[20459])</onclick>
			<onclick>SetProperty(MoreInfoContent,$ESCINFO[ListItem.Tag])</onclick>
			<onclick>SetFocus(64)</onclick>
			<visible>!String.IsEmpty(ListItem.Tag)</visible>
		</item>
		<item>
			<label>[UPPERCASE]$INFO[ListItem.Property(AudioLanguage.1)]$INFO[ListItem.Property(AudioLanguage.2), / ]$INFO[ListItem.Property(AudioLanguage.3), / ]$INFO[ListItem.Property(AudioLanguage.4), / ]$INFO[ListItem.Property(AudioLanguage.5), / ]$INFO[ListItem.Property(AudioLanguage.6), / ]$INFO[ListItem.Property(AudioLanguage.7), / ][/UPPERCASE]</label>
			<label2>$LOCALIZE[292]:</label2>
			<onclick>SetProperty(MoreInfoTitle,$LOCALIZE[292])</onclick>
			<onclick>SetProperty(MoreInfoContent,[UPPERCASE]$INFO[ListItem.Property(AudioLanguage.1)]$INFO[ListItem.Property(AudioLanguage.2), / ]$INFO[ListItem.Property(AudioLanguage.3), / ]$INFO[ListItem.Property(AudioLanguage.4), / ]$INFO[ListItem.Property(AudioLanguage.5), / ]$INFO[ListItem.Property(AudioLanguage.6), / ]$INFO[ListItem.Property(AudioLanguage.7), / ][/UPPERCASE])</onclick>
			<onclick>SetFocus(64)</onclick>
			<visible>![String.IsEqual(Skin.String(LanguageFlags),1) | String.IsEqual(Skin.String(LanguageFlags),3)] + !String.IsEmpty(ListItem.Property(AudioLanguage.1)) | !String.IsEmpty(ListItem.Property(AudioLanguage.3))</visible>
			<visible>!Skin.HasSetting(Disable.VideoInfoLanguageDetails)</visible>
		</item>
		<item>
			<label>[UPPERCASE]$INFO[ListItem.Property(SubtitleLanguage.1)]$INFO[ListItem.Property(SubtitleLanguage.2), / ]$INFO[ListItem.Property(SubtitleLanguage.3), / ]$INFO[ListItem.Property(SubtitleLanguage.4), / ]$INFO[ListItem.Property(SubtitleLanguage.5), / ]$INFO[ListItem.Property(SubtitleLanguage.6), / ]$INFO[ListItem.Property(SubtitleLanguage.7), / ]$INFO[ListItem.Property(SubtitleLanguage.8), / ]$INFO[ListItem.Property(SubtitleLanguage.9), / ]$INFO[ListItem.Property(SubtitleLanguage.10), / ]$INFO[ListItem.Property(SubtitleLanguage.11), / ]$INFO[ListItem.Property(SubtitleLanguage.12), / ]$INFO[ListItem.Property(SubtitleLanguage.13), / ]$INFO[ListItem.Property(SubtitleLanguage.14), / ]$INFO[ListItem.Property(SubtitleLanguage.15), / ][/UPPERCASE]</label>
			<label2>$LOCALIZE[287]:</label2>
			<onclick>SetProperty(MoreInfoTitle,$LOCALIZE[287])</onclick>
			<onclick>SetProperty(MoreInfoContent,[UPPERCASE]$INFO[ListItem.Property(SubtitleLanguage.1)]$INFO[ListItem.Property(SubtitleLanguage.2), / ]$INFO[ListItem.Property(SubtitleLanguage.3), / ]$INFO[ListItem.Property(SubtitleLanguage.4), / ]$INFO[ListItem.Property(SubtitleLanguage.5), / ]$INFO[ListItem.Property(SubtitleLanguage.6), / ]$INFO[ListItem.Property(SubtitleLanguage.7), / ]$INFO[ListItem.Property(SubtitleLanguage.8), / ]$INFO[ListItem.Property(SubtitleLanguage.9), / ]$INFO[ListItem.Property(SubtitleLanguage.10), / ]$INFO[ListItem.Property(SubtitleLanguage.11), / ]$INFO[ListItem.Property(SubtitleLanguage.12), / ]$INFO[ListItem.Property(SubtitleLanguage.13), / ]$INFO[ListItem.Property(SubtitleLanguage.14), / ]$INFO[ListItem.Property(SubtitleLanguage.15), / ][/UPPERCASE])</onclick>
			<onclick>SetFocus(64)</onclick>
			<visible>![String.IsEqual(Skin.String(LanguageFlags),2) | String.IsEqual(Skin.String(LanguageFlags),3)] + !String.IsEmpty(ListItem.Property(SubtitleLanguage.1)) | !String.IsEmpty(ListItem.Property(SubtitleLanguage.3))</visible>
			<visible>!Skin.HasSetting(Disable.VideoInfoLanguageDetails)</visible>
		</item>
		<item>
			<label>$INFO[ListItem.Path]</label>
			<label2>$LOCALIZE[573]:</label2>
			<onclick>Dialog.Close(movieinformation)</onclick>
			<onclick>ActivateWindow(Videos,$INFO[ListItem.Path],return)</onclick>
			<visible>!String.IsEqual(ListItem.DBTYPE,set) + !String.IsEmpty(ListItem.Path) + !Skin.HasSetting(Disable.VideoInfoPathDetails) + !String.StartsWith(ListItem.FilenameAndPath,stack://)</visible>
		</item>
		<item>
			<label>$INFO[ListItem.Filename]</label>
			<label2>$LOCALIZE[21800]:</label2>
			<onclick>SetProperty(MoreInfoTitle,$LOCALIZE[21800])</onclick>
			<onclick>SetProperty(MoreInfoContent,$ESCINFO[ListItem.Filename])</onclick>
			<onclick>SetFocus(64)</onclick>
			<visible>!String.IsEmpty(ListItem.Filename) + !Skin.HasSetting(Disable.VideoInfoPathDetails) + !String.StartsWith(ListItem.FilenameAndPath,stack://)</visible>
		</item>
		<item>
			<label>$INFO[ListItem.FilenameAndPath]</label>
			<label2>$LOCALIZE[573]:</label2>
			<onclick>SetProperty(MoreInfoTitle,$LOCALIZE[573])</onclick>
			<onclick>SetProperty(MoreInfoContent,$ESCINFO[ListItem.FilenameAndPath])</onclick>
			<onclick>SetFocus(64)</onclick>
			<visible>!String.IsEmpty(ListItem.FilenameAndPath) + !Skin.HasSetting(Disable.VideoInfoPathDetails) + String.StartsWith(ListItem.FilenameAndPath,stack://)</visible>
		</item>
	</include>
	<include name="CustomInfoContentGeneral">
		<item>
			<label>$INFO[Container(4800).ListItem.Property(PercentPlayed),,%]</label>
			<label2>$LOCALIZE[575]:</label2>
			<onclick>SetProperty(MoreInfoTitle,$LOCALIZE[575])</onclick>
			<onclick>SetProperty(MoreInfoContent,$INFO[Container(4800).ListItem.Property(PercentPlayed),,%])</onclick>
			<onclick>SetFocus(4700)</onclick>
			<visible>!String.IsEqual(Window(Home).Property(item_dbtype),tvshow) + !String.IsEmpty(Container(4800).ListItem.Property(PercentPlayed))</visible>
		</item>
		<item>
			<label>$INFO[Container(4800).ListItem.LastPlayed]</label>
			<label2>$LOCALIZE[568]:</label2>
			<onclick>SetProperty(MoreInfoTitle,$LOCALIZE[568])</onclick>
			<onclick>SetProperty(MoreInfoContent,$INFO[Container(4800).ListItem.LastPlayed])</onclick>
			<onclick>SetFocus(4700)</onclick>
			<visible>!String.IsEmpty(Container(4800).ListItem.LastPlayed)</visible>
		</item>
		<item>
			<label>$INFO[Container(4800).ListItem.DateAdded]</label>
			<label2>$LOCALIZE[570]:</label2>
			<onclick>SetProperty(MoreInfoTitle,$LOCALIZE[570])</onclick>
			<onclick>SetProperty(MoreInfoContent,$INFO[Container(4800).ListItem.DateAdded])</onclick>
			<onclick>SetFocus(4700)</onclick>
			<visible>!String.IsEmpty(Container(4800).ListItem.DateAdded)</visible>
		</item>
		<item>
			<label>$INFO[Container(4800).ListItem.Playcount]</label>
			<label2>$LOCALIZE[567]:</label2>
			<onclick>SetProperty(MoreInfoTitle,$LOCALIZE[567])</onclick>
			<onclick>SetProperty(MoreInfoContent,$INFO[Container(4800).ListItem.Playcount])</onclick>
			<onclick>SetFocus(4700)</onclick>
			<visible>!String.IsEmpty(Container(4800).ListItem.Playcount)</visible>
		</item>
		<item>
			<label>$INFO[Container(4800).ListItem.Property(file)]</label>
			<label2>$LOCALIZE[573]:</label2>
			<onclick>Dialog.Close(all,true)</onclick>
			<onclick>ActivateWindow(Videos,$ESCINFO[Container(4800).ListItem.Property(file)],return)</onclick>
			<visible>!String.IsEmpty(Container(4800).ListItem.Property(file)) + !Skin.HasSetting(Disable.VideoInfoPathDetails)</visible>
		</item>
		<item>
			<label>$INFO[Container(4800).ListItem.Property(FileName)]</label>
			<label2>$LOCALIZE[21800]:</label2>
			<onclick>SetProperty(MoreInfoTitle,$LOCALIZE[21800])</onclick>
			<onclick>SetProperty(MoreInfoContent,$ESCINFO[Container(4800).ListItem.Property(FileName)])</onclick>
			<onclick>SetFocus(4700)</onclick>
			<visible>!String.IsEmpty(Container(4800).ListItem.Property(FileName)) + !Skin.HasSetting(Disable.VideoInfoPathDetails)</visible>
		</item>
	</include>
	<include name="InfoPlot">
		<param name="top" default="0" />
		<param name="width" default="1162" />
		<param name="height" default="345" />
		<param name="label" default="$VAR[VideoPlotVar]" />
		<param name="button_id" default="90003" />
		<definition>
			<control type="textbox">
				<top>$PARAM[top]</top>
				<width>$PARAM[width]</width>
				<height>$PARAM[height]</height>
				<label fallback="$PARAM[fallback]">$PARAM[label]</label>
				<align>justify</align>
				<autoscroll time="3000" delay="4000" repeat="5000">Skin.HasSetting(Enable.AutoScroll) + !Control.HasFocus($PARAM[button_id])</autoscroll>
				<animation effect="fade" start="100" end="78" time="300" tween="sine" easing="inout" condition="!Control.HasFocus($PARAM[button_id])">Conditional</animation>
				<visible>$PARAM[visible]</visible>
			</control>
		</definition>
	</include>
	<include name="InfoRuntime">
		<param name="label" default="$VAR[DurationVar]" />
		<param name="visible" default="!String.IsEmpty(ListItem.Duration) | !String.IsEmpty(Window(Home).Property(SkinInfo.Online.Runtime))" />
		<definition>
			<control type="label">
				<width max="160">auto</width>
				<height>90</height>
				<font>font48_bold</font>
				<textcolor>grey</textcolor>
				<label>$PARAM[label]</label>
				<visible>$PARAM[visible]</visible>
			</control>
		</definition>
	</include>
	<include name="InfoEpNumber">
		<control type="label">
			<width>auto</width>
			<height>90</height>
			<font>font48_bold</font>
			<textcolor>grey</textcolor>
			<label>$VAR[EpisodeCountVar]</label>
		</control>
	</include>
	<include name="InfoMPAA">
		<param name="texture" default="$VAR[RatingFlagVar]" />
		<definition>
			<control type="image">
				<width>135</width>
				<height>90</height>
				<include>MediaFlagValues</include>
				<texture fallback="flags/default/mpaa/NR.png">$VAR[MediaFlagsPathVar]/mpaa/$PARAM[texture]</texture>
			</control>
		</definition>
	</include>
	<include name="InfoSetRating">
		<control type="label">
			<width>auto</width>
			<align>center</align>
			<label>$LOCALIZE[652]: $INFO[Container(4500).ListItem(0).Year]$INFO[Container(4500).ListItem(-1).Year, - ]</label>
			<font>font16_title_bold</font>
			<textcolor>grey</textcolor>
		</control>
		<control type="label">
			<width>auto</width>
			<align>center</align>
			<label>$INFO[ListItem.Rating, • $LOCALIZE[31146] ]</label>
			<font>font16_title_bold</font>
			<textcolor>grey</textcolor>
		</control>
	</include>
	<include name="InfoTVWatchedPercent">
		<param name="visible" default="Integer.IsGreater(ListItem.Property(WatchedEpisodePercent),0)" />
		<param name="label" default="$INFO[ListItem.Property(WatchedEpisodePercent),,%]" />
		<definition>
			<control type="group">
				<visible>$PARAM[visible]</visible>
				<width>165</width>
				<control type="label">
					<width>auto</width>
					<height>60</height>
					<align>center</align>
					<label>$PARAM[label]</label>
					<font>font16_title_bold</font>
					<textcolor>grey</textcolor>
				</control>
				<control type="label">
					<top>50</top>
					<width>auto</width>
					<height>30</height>
					<align>center</align>
					<label>[LOWERCASE]$LOCALIZE[19256][/LOWERCASE]</label>
					<font>font12</font>
					<textcolor>grey</textcolor>
				</control>
			</control>
		</definition>
	</include>
	<include name="InfoMainRating">
		<control type="group">
			<visible>!String.IsEmpty(ListItem.Rating)</visible>
			<width>165</width>
			<control type="label">
				<width>165</width>
				<height>60</height>
				<align>center</align>
				<label>$INFO[ListItem.Rating]</label>
				<font>font16_title_bold</font>
				<textcolor>grey</textcolor>
			</control>
			<control type="label">
				<top>50</top>
				<width>165</width>
				<height>30</height>
				<align>center</align>
				<label>[LOWERCASE]$VAR[RatingAndVotesVar][/LOWERCASE]</label>
				<font>font12</font>
				<textcolor>grey</textcolor>
			</control>
		</control>
	</include>
	<!-- <include name="InfoMainRating">
		<definition>
			<param name="visible" default="!String.IsEmpty(ListItem.Rating)" />
			<param name="rating" default="$INFO[ListItem.Rating]" />
			<param name="label" default="$VAR[RatingAndVotesVar]" />
			<control type="group">
				<visible>$PARAM[visible]</visible>
				<width>165</width>
				<control type="label">
					<width>165</width>
					<height>60</height>
					<align>center</align>
					<label>$PARAM[rating]</label>
					<font>font16_title_bold</font>
					<textcolor>grey</textcolor>
				</control>
				<control type="label">
					<top>50</top>
					<width>165</width>
					<height>30</height>
					<align>center</align>
					<label>[LOWERCASE]$PARAM[label][/LOWERCASE]</label>
					<font>font12</font>
					<textcolor>grey</textcolor>
				</control>
			</control>
		</definition>
	</include> -->
	<include name="InfoTop250">
		<control type="group">
			<visible>!String.IsEmpty(ListItem.Top250)</visible>
			<width>125</width>
			<control type="image">
				<width>65</width>
				<aspectratio>keep</aspectratio>
				<colordiffuse>grey</colordiffuse>
				<texture>logos/imdb.png</texture>
			</control>
			<control type="label">
				<left>65</left>
				<width>auto</width>
				<font>font16_title_bold</font>
				<textcolor>grey</textcolor>
				<label>$INFO[ListItem.Top250, #]</label>
			</control>
		</control>
	</include>
	<!-- <include name="InfoTop250">
		<definition>
			<param name="visible" default="!String.IsEmpty(ListItem.Top250)" />
			<param name="label" default="$INFO[ListItem.Top250, #]" />
			<control type="grouplist">
				<visible>$PARAM[visible]</visible>
				<width>165</width>
				<orientation>horizontal</orientation>
				<control type="image">
					<width>65</width>
					<aspectratio>keep</aspectratio>
					<colordiffuse>grey</colordiffuse>
					<texture>logos/imdb.png</texture>
				</control>
				<control type="label">
					<width>auto</width>
					<align>center</align>
					<font>font16_title_bold</font>
					<textcolor>grey</textcolor>
					<label>$PARAM[label]</label>
				</control>
			</control>
		</definition>
	</include> -->
	<include name="InfoExtendedRatings">
		<!-- RT Critics (library) -->
		<control type="group">
			<visible>!String.IsEmpty(Window(Home).Property(SkinInfo.Online.Rating.Tomatoes.Percent)) | !String.IsEmpty(Window(Home).Property(SkinInfo.ListItem.Rating.Tomatoes.Percent))</visible>
			<width>130</width>
			<control type="image">
				<width>68</width>
				<aspectratio>keep</aspectratio>
				<colordiffuse>grey</colordiffuse>
				<texture>$VAR[RottenFreshLogoVar]</texture>
			</control>
			<control type="label">
				<left>68</left>
				<width>auto</width>
				<font>font16_title_bold</font>
				<textcolor>grey</textcolor>
				<label>$VAR[RottenFreshLabelVar]</label>
			</control>
		</control>
		<!-- RT Audience (library) -->
		<control type="group">
			<visible>!String.IsEmpty(Window(Home).Property(SkinInfo.Online.Rating.Popcorn.Percent)) | !String.IsEmpty(Window(Home).Property(SkinInfo.ListItem.Rating.Popcorn.Percent))</visible>
			<width>130</width>
			<control type="image">
				<width>68</width>
				<aspectratio>keep</aspectratio>
				<colordiffuse>grey</colordiffuse>
				<texture>$VAR[RottenFreshAudienceLogoVar]</texture>
			</control>
			<control type="label">
				<left>68</left>
				<width>auto</width>
				<font>font16_title_bold</font>
				<textcolor>grey</textcolor>
				<label>$VAR[RottenFreshAudienceLabelVar]$VAR[RottenFreshAudienceLabel2Var]</label>
			</control>
		</control>
		<!-- TMDb (themoviedb) -->
		<control type="group">
			<visible>!String.IsEmpty(Window(Home).Property(SkinInfo.Online.Rating.tmdb)) | !String.IsEmpty(Window(Home).Property(SkinInfo.ListItem.Rating.tmdb))</visible>
			<left>10</left>
			<width>130</width>
			<control type="image">
				<width>68</width>
				<aspectratio>keep</aspectratio>
				<colordiffuse>grey</colordiffuse>
				<texture>logos/tmdb.png</texture>
			</control>
			<control type="label">
				<left>78</left>
				<width>auto</width>
				<font>font16_title_bold</font>
				<textcolor>grey</textcolor>
				<label>$VAR[TMDbRatingsLabelVar]</label>
			</control>
		</control>
		<!-- Trakt  -->
		<control type="group">
			<visible>!String.IsEmpty(Window(Home).Property(SkinInfo.Online.Rating.trakt)) | !String.IsEmpty(Window(Home).Property(SkinInfo.ListItem.Rating.trakt))</visible>
			<width>130</width>
			<control type="image">
				<width>68</width>
				<aspectratio>keep</aspectratio>
				<colordiffuse>grey</colordiffuse>
				<texture>logos/trakt-clearlogo.png</texture>
			</control>
			<control type="label">
				<left>68</left>
				<width>auto</width>
				<font>font16_title_bold</font>
				<textcolor>grey</textcolor>
				<label>$VAR[TraktRatingsLabelVar]</label>
			</control>
		</control>
	</include>
	<include name="InfoTMDbPersonAge">
		<control type="label">
			<top>103</top>
			<width>auto</width>
			<height>90</height>
			<font>font48_bold</font>
			<textcolor>grey</textcolor>
			<label>$INFO[ListItem.Property(Age),, $LOCALIZE[31544]]</label>
		</control>
	</include>
	<include name="AddonInfoTextboxSmall">
		<height>520</height>
	</include>
	<include name="AddonInfoTextboxLarge">
		<height>690</height>
	</include>
	<include name="PersonInfoContent">
		<item>
			<label>$INFO[Container(11090).ListItem.Property(BirthdayFormatted)]</label>
			<label2>$LOCALIZE[21893]:</label2>
			<onclick>SetProperty(MoreInfoTitle,$LOCALIZE[21893])</onclick>
			<onclick>SetProperty(MoreInfoContent,$ESCINFO[Container(11090).ListItem.Property(BirthdayFormatted)])</onclick>
			<onclick>SetFocus(64)</onclick>
			<visible>!String.IsEmpty(Container(11090).ListItem.Property(BirthdayFormatted))</visible>
		</item>
		<item>
			<label>$INFO[Container(11090).ListItem.Property(DeathdayFormatted)]</label>
			<label2>$LOCALIZE[21897]:</label2>
			<onclick>SetProperty(MoreInfoTitle,$LOCALIZE[21897])</onclick>
			<onclick>SetProperty(MoreInfoContent,$ESCINFO[Container(11090).ListItem.Property(DeathdayFormatted)])</onclick>
			<onclick>SetFocus(64)</onclick>
			<visible>!String.IsEmpty(Container(11090).ListItem.Property(DeathdayFormatted))</visible>
		</item>
		<item>
			<label>$INFO[Container(11090).ListItem.Property(Birthplace)]</label>
			<label2>$LOCALIZE[31600]:</label2>
			<onclick>SetProperty(MoreInfoTitle,$LOCALIZE[31600])</onclick>
			<onclick>SetProperty(MoreInfoContent,$ESCINFO[Container(11090).ListItem.Property(Birthplace)])</onclick>
			<onclick>SetFocus(64)</onclick>
			<visible>!String.IsEmpty(Container(11090).ListItem.Property(Birthplace))</visible>
		</item>
		<item>
			<label>$INFO[Container(11090).ListItem.Property(TopMovies)]</label>
			<label2>$LOCALIZE[31081]:</label2>
			<onclick>SetProperty(MoreInfoTitle,$LOCALIZE[31081])</onclick>
			<onclick>SetProperty(MoreInfoContent,$ESCINFO[Container(11090).ListItem.Property(TopMovies)])</onclick>
			<onclick>SetFocus(64)</onclick>
			<visible>!String.IsEmpty(Container(11090).ListItem.Property(TopMovies))</visible>
		</item>
		<item>
			<label>$INFO[Container(11090).ListItem.Property(TopTVShows)]</label>
			<label2>$LOCALIZE[31082]:</label2>
			<onclick>SetProperty(MoreInfoTitle,$LOCALIZE[31082])</onclick>
			<onclick>SetProperty(MoreInfoContent,$ESCINFO[Container(11090).ListItem.Property(TopTVShows)])</onclick>
			<onclick>SetFocus(64)</onclick>
			<visible>!String.IsEmpty(Container(11090).ListItem.Property(TopTVShows))</visible>
		</item>
		<item>
			<label>$INFO[Container(11090).ListItem.Property(Aliases)]</label>
			<label2>$LOCALIZE[31614]:</label2>
			<onclick>SetProperty(MoreInfoTitle,$LOCALIZE[31614])</onclick>
			<onclick>SetProperty(MoreInfoContent,$ESCINFO[Container(11090).ListItem.Property(Aliases)])</onclick>
			<onclick>SetFocus(64)</onclick>
			<visible>!String.IsEmpty(Container(11090).ListItem.Property(Aliases))</visible>
		</item>
	</include>
</includes>