<?xml version="1.0" encoding="UTF-8"?>
<window id="1102" type="dialog">
	<onload condition="Skin.HasSetting(Enable.BlurredVideoInfo)">RunScript(script.skin.info.service,action=blur,source=$INFO[Window(Home).Property(item_poster)],window_id=1102)</onload>
	<onload>Control.SetFocus(3000,0)</onload>
	<onload>SetFocus(4701)</onload>
	<onload condition="!String.IsEmpty(Window(Home).Property(item_dbid))">SetFocus(4610)</onload>
	<onload condition="String.IsEmpty(Window(Home).Property(item_dbid))">SetFocus(4611)</onload>
	<onload>ClearProperty(activate_window,Home)</onload>
	<onunload>ClearProperty(item_dbid,Home)</onunload>
	<onunload>ClearProperty(item_dbtype,Home)</onunload>
	<onunload>ClearProperty(tmdb_id,Home)</onunload>
	<onunload>ClearProperty(imdb_id,Home)</onunload>
	<onunload>ClearProperty(item_poster,Home)</onunload>
	<onunload>ClearProperty(custom_actor,Home)</onunload>
	<onunload>ClearProperty(SkinInfo.BlurredImage,1102)</onunload>
	<onunload condition="!String.IsEmpty(Window(Home).Property(item_origin)) + !Window.IsVisible(1109)">SetFocus($INFO[Window(Home).Property(item_origin)])</onunload>
	<onunload condition="!String.IsEmpty(Window(Home).Property(1109_origin)) + Window.IsVisible(1109)">SetFocus($INFO[Window(Home).Property(1109_origin)])</onunload>
	<controls>
		<control type="list" id="4800">
			<include>HiddenList</include>
			<content>$VAR[CustomInfoDetailsPathVar]</content>
		</control>
		<control type="list" id="4801">
			<include>HiddenList</include>
			<content>$INFO[Window(Home).Property(SkinInfo.Search.Details)]</content>
		</control>
		<control type="list" id="4802">
			<include>HiddenList</include>
			<content>$INFO[Window(Home).Property(SkinInfo.Online.Content)]</content>
		</control>
		<control type="fadelabel" id="4810">
			<left>-300</left>
			<top>-300</top>
			<width>100</width>
			<scrollspeed>150</scrollspeed>
			<scrollout>false</scrollout>
			<randomize>true</randomize>
			<resetonlabelchange>false</resetonlabelchange>
			<label>$INFO[Container(50001).ListItemAbsolute(0).Label]</label>
			<label>$INFO[Container(50001).ListItemAbsolute(1).Label]</label>
			<label>$INFO[Container(50001).ListItemAbsolute(2).Label]</label>
			<!-- <label>$INFO[Container(50001).ListItemAbsolute(3).Label]</label> -->
		</control>
		<!-- Poster Side -->
		<control type="group">
			<animation effect="slide" start="-730,0" end="0,0" time="500" delay="250" tween="quadratic">WindowOpen</animation>
			<animation effect="slide" end="-730,0" time="500" tween="quadratic">WindowClose</animation>
			<animation effect="slide" start="-730,0" end="0,0" time="500" tween="quadratic" condition="![Container(4800).IsUpdating + !Window.IsVisible(1103)] + !Window.IsDialogTopMost(1109) + !Window.IsDialogTopMost(1107)">Conditional</animation>
			<animation effect="slide" end="-730,0" time="500" tween="quadratic" condition="Container(4800).IsUpdating + !Window.IsVisible(1103) | Window.IsDialogTopMost(1109) | Window.IsDialogTopMost(1107) | String.IsEmpty(Container(4800).ListItem.DBID) + Container(4801).IsUpdating">Conditional</animation>
			<width>720</width>
			<height>100%</height>
			<include content="InfoPoster">
				<param name="texture">$VAR[CustomPosterVar]</param>
			</include>
		</control>
		<!-- Details Side -->
		<control type="group">
			<animation effect="slide" start="1210,0" end="0,0" time="500" delay="250" tween="quadratic">WindowOpen</animation>
			<animation effect="slide" end="1210,0" time="500" tween="quadratic">WindowClose</animation>
			<animation effect="slide" start="1210,0" end="0,0" time="500" tween="quadratic" condition="![Container(4800).IsUpdating + !Window.IsVisible(1103)] + !Window.IsDialogTopMost(1109) + !Window.IsDialogTopMost(1107)">Conditional</animation>
			<animation effect="slide" end="1210,0" time="500" tween="quadratic" condition="Container(4800).IsUpdating + !Window.IsVisible(1103) | Window.IsDialogTopMost(1109) | Window.IsDialogTopMost(1107) | String.IsEmpty(Container(4800).ListItem.DBID) + Container(4801).IsUpdating">Conditional</animation>
			<left>720</left>
			<control type="group">
				<width>1200</width>
				<!-- Info Background -->
				<include content="InfoBackground">
					<param name="texture">$VAR[CustomDialogInfoBackgroundVar]</param>
				</include>
				<!-- Top Section -->
				<control type="group">
					<left>10</left>
					<!-- Main Label/Sublabel -->
					<control type="grouplist">
						<width>1200</width>
						<height>100</height>
						<align>center</align>
						<!-- Title + Year -->
						<control type="group">
							<height>45</height>
							<width>1180</width>
							<control type="label">
								<width>1040</width>
								<font>font30_title_bold</font>
								<textcolor>grey</textcolor>
								<scroll>true</scroll>
								<label fallback="$INFO[Container(4801).ListItem.Title]">$INFO[Container(4800).ListItem.Title]</label>
							</control>
							<control type="label">
								<left>1050</left>
								<width>130</width>
								<align>right</align>
								<font>font30_title_bold</font>
								<textcolor>grey</textcolor>
								<label fallback="$INFO[Container(4801).ListItem.Year,(,)]">$INFO[Container(4800).ListItem.Year,(,)]</label>
							</control>
						</control>
						<control type="group">
							<visible>String.IsEqual(Window(Home).Property(item_dbtype),movie)</visible>
							<height>45</height>
							<control type="fadelabel">
								<width>1075</width>
								<height>45</height>
								<align>left</align>
								<aligny>center</aligny>
								<font>font15</font>
								<textcolor>$VAR[ThemeLabelColor]</textcolor>
								<scrollout>false</scrollout>
								<pauseatend>5500</pauseatend>
								<label fallback="$INFO[Container(4801).ListItem.Tagline]">$INFO[Container(4800).ListItem.Tagline]</label>
								<label>$INFO[Container(4802).ListItem.Property(Awards)]</label>
								<visible>[String.IsEmpty(Container(4800).ListItem.Property(originaltitle)) | String.IsEqual(Container(4800).ListItem.Property(originaltitle),Container(4800).ListItem.Property(title))]</visible>
							</control>
							<control type="fadelabel">
								<width>1075</width>
								<height>45</height>
								<align>left</align>
								<aligny>center</aligny>
								<font>font15</font>
								<textcolor>$VAR[ThemeLabelColor]</textcolor>
								<scroll>true</scroll>
								<scrollout>false</scrollout>
								<pauseatend>5500</pauseatend>
								<label fallback="$INFO[Container(4801).ListItem.Tagline]">$INFO[Container(4800).ListItem.Tagline]</label>
								<label fallback="$INFO[Container(4801).ListItem.Property(Awards)]">$INFO[Container(4802).ListItem.Property(Awards)]</label>
								<label>$INFO[Container(4800).ListItem.Property(originaltitle)]</label>
								<visible>!String.IsEqual(Container(4800).ListItem.Property(originaltitle),Container(4800).ListItem.Property(title))</visible>
							</control>
						</control>
						<control type="fadelabel">
							<width>1175</width>
							<height>30</height>
							<align>left</align>
							<aligny>center</aligny>
							<font>font15</font>
							<textcolor>$VAR[ThemeLabelColor]</textcolor>
							<scroll>true</scroll>
							<scrollout>false</scrollout>
							<pauseatend>4500</pauseatend>
							<label fallback="$INFO[Container(4801).ListItem.Status]">$INFO[Window(Home).Property(item_status)]</label>
							<label fallback="$INFO[Container(4801).ListItem.Property(Awards)]">$INFO[Container(4802).ListItem.Property(Awards)]</label>
							<visible>[!String.IsEmpty(Window(Home).Property(item_status)) | !String.IsEmpty(Container(4801).ListItem.Status)]</visible>
							<visible>String.IsEqual(Window(Home).Property(item_dbtype),tvshow)</visible>
						</control>
					</control>
					<!-- Kodi User Rating -->
					<control type="grouplist">
						<visible>!String.IsEmpty(Container(4800).ListItem.UserRating) + !String.IsEqual(Container(4800).ListItem.Property(userrating),0)</visible>
						<left>1065</left>
						<top>60</top>
						<width>120</width>
						<height>40</height>
						<orientation>horizontal</orientation>
						<align>center</align>
						<itemgap>5</itemgap>
						<control type="image">
							<width>40</width>
							<aspectratio>keep</aspectratio>
							<texture colordiffuse="$VAR[ThemeLabelColor]">favourites.png</texture>
							<animation effect="fade" end="80" condition="true">Conditional</animation>
						</control>
						<control type="label">
							<width>auto</width>
							<font>font16_title_bold</font>
							<textcolor>grey</textcolor>
							<label>$INFO[Container(4800).ListItem.UserRating]</label>
						</control>
					</control>
					<!-- Separator Start -->
					<control type="image">
						<left>-7</left>
						<top>105</top>
						<height>1</height>
						<texture colordiffuse="$VAR[ThemeLabelColor]">colors/white.png</texture>
					</control>
					<!-- Runtime/Ratings Bar -->
					<control type="grouplist">
						<top>103</top>
						<width>1200</width>
						<height>90</height>
						<orientation>horizontal</orientation>
						<usecontrolcoords>true</usecontrolcoords>
						<itemgap>8</itemgap>
						<!-- Runtime -->
						<include content="InfoRuntime">
							<param name="label">$VAR[CustomDurationVar]</param>
							<param name="visible">!String.IsEmpty(Container(4800).ListItem.Duration) | !String.IsEmpty(Container(4801).ListItem.Duration)</param>
						</include>
						<!-- MPAA -->
						<include content="InfoMPAA">
							<param name="texture">$VAR[CustomRatingFlagVar]</param>
						</include>
						<!-- TV Watched Percent -->
						<include content="InfoTVWatchedPercent" condition="String.IsEqual(Window(Home).Property(item_dbtype),tvshow)">
							<param name="visible">Integer.IsGreater(Container(4800).ListItem.Property(WatchedEpisodePercent),0)</param>
							<param name="label">$INFO[Container(4800).ListItem.Property(WatchedEpisodePercent),,%]</param>
						</include>
						<!-- Main Rating -->
						<control type="group">
							<visible>!String.IsEmpty(Container(4800).ListItem.Rating)</visible>
							<width>165</width>
							<control type="label">
								<width>165</width>
								<height>60</height>
								<align>center</align>
								<label>$INFO[Container(4800).ListItem.Rating]</label>
								<font>font16_title_bold</font>
								<textcolor>grey</textcolor>
							</control>
							<control type="label">
								<top>50</top>
								<width>165</width>
								<height>30</height>
								<align>center</align>
								<label>[LOWERCASE]$VAR[CustomRatingAndVotesVar][/LOWERCASE]</label>
								<font>font12</font>
								<textcolor>grey</textcolor>
							</control>
						</control>
						<!-- Top 250 -->
						<control type="grouplist">
							<visible>!String.IsEmpty(Container(4800).ListItem.Top250)</visible>
							<width>165</width>
							<orientation>horizontal</orientation>
							<control type="image">
								<width>65</width>
								<aspectratio>keep</aspectratio>
								<colordiffuse>grey</colordiffuse>
								<texture>logos/imdb.png</texture>
							</control>
							<control type="label">
								<width>auto</width>
								<align>center</align>
								<font>font16_title_bold</font>
								<textcolor>grey</textcolor>
								<label>$INFO[Container(4800).ListItem.Top250, #]</label>
							</control>
						</control>
						<!-- RT Critic Rating -->
						<control type="grouplist">
							<visible>!String.IsEmpty(Container(4800).ListItem.Property(Rating.Tomatoes.Percent)) | !String.IsEmpty(Container(4801).ListItem.Property(Rating.Tomatoes.Percent))</visible>
							<width>165</width>
							<orientation>horizontal</orientation>
							<control type="image">
								<width>68</width>
								<aspectratio>keep</aspectratio>
								<colordiffuse>grey</colordiffuse>
								<texture>$VAR[CustomRottenFreshLogoVar]</texture>
							</control>
							<control type="label">
								<width>auto</width>
								<font>font16_title_bold</font>
								<textcolor>grey</textcolor>
								<label>$VAR[CustomRottenFreshLabelVar]</label>
							</control>
						</control>
						<!-- RT Audience Rating -->
						<control type="grouplist">
							<visible>!String.IsEmpty(Container(4800).ListItem.Property(Rating.Popcorn.Percent)) | !String.IsEmpty(Container(4801).ListItem.Property(Rating.Popcorn.Percent))</visible>
							<width>165</width>
							<orientation>horizontal</orientation>
							<control type="image">
								<width>68</width>
								<aspectratio>keep</aspectratio>
								<colordiffuse>grey</colordiffuse>
								<texture>$VAR[CustomRottenFreshAudienceLogoVar]</texture>
							</control>
							<control type="label">
								<width>auto</width>
								<font>font16_title_bold</font>
								<textcolor>grey</textcolor>
								<label>$VAR[CustomRottenFreshAudienceLabelVar]</label>
							</control>
						</control>
						<!-- TMDb Rating -->
						<control type="grouplist">
							<visible>!String.IsEmpty(Container(4800).ListItem.Rating(themoviedb).Rating) | !String.IsEmpty(Container(4800).ListItem.Rating(tmdb).Rating) | !String.IsEmpty(Container(4801).ListItem.Property(TMDb_Rating))</visible>
							<width>165</width>
							<orientation>horizontal</orientation>
							<itemgap>10</itemgap>
							<control type="image">
								<width>68</width>
								<aspectratio>keep</aspectratio>
								<colordiffuse>grey</colordiffuse>
								<texture>logos/tmdb.png</texture>
							</control>
							<control type="label">
								<width>auto</width>
								<font>font16_title_bold</font>
								<textcolor>grey</textcolor>
								<label>$VAR[CustomTMDbRatingsLabelVar]</label>
							</control>
						</control>
						<!-- Trakt Rating -->
						<control type="grouplist">
							<visible>!String.IsEmpty(Container(4800).ListItem.Rating(trakt)) | !String.IsEmpty(Container(4801).ListItem.Property(Trakt_Rating))</visible>
							<width>165</width>
							<orientation>horizontal</orientation>
							<control type="image">
								<width>68</width>
								<aspectratio>keep</aspectratio>
								<colordiffuse>grey</colordiffuse>
								<texture>logos/trakt-clearlogo.png</texture>
							</control>
							<control type="label">
								<width>auto</width>
								<font>font16_title_bold</font>
								<textcolor>grey</textcolor>
								<label>$VAR[CustomTraktRatingsLabelVar]</label>
							</control>
						</control>
					</control>
					<!-- Separator End -->
					<control type="image">
						<left>-7</left>
						<height>1</height>
						<top>192</top>
						<texture colordiffuse="$VAR[ThemeLabelColor]">colors/white.png</texture>
					</control>
				</control>
				<!-- Details Panel -->
				<include content="InfoDetailsPanel">
					<param name="window_id">1102</param>
					<param name="button_id">4700</param>
					<param name="panel_id">3000</param>
					<param name="panel_ondown">4601</param>
					<param name="include">CustomInfoContentDetails</param>
				</include>
				<!-- Buttons LABEL -->
				<control type="group">
					<left>-5</left>
					<top>542</top>
					<control type="button">
						<width>1198</width>
						<texturenofocus />
						<disabledcolor>grey</disabledcolor>
						<font>font16_title_bold</font>
						<align>left</align>
						<textoffsetx>16</textoffsetx>
						<include>ButtonInfoDialogsCommonValues</include>
						<label>$VAR[CustomVideoButtonLabelVar]</label>
						<enable>no</enable>
					</control>
					<control type="label">
						<right>0</right>
						<width>100</width>
						<height>60</height>
						<align>right</align>
						<font>IconMediumMD</font>
						<textcolor>grey</textcolor>
						<label>$VAR[ContainerHasNextPreviousLabelVar]</label>
						<visible>Control.HasFocus(50001) | Control.HasFocus(50002) | Control.HasFocus(50003)</visible>
					</control>
				</control>
				<!-- Buttons -->
				<control type="grouplist" id="4601">
					<right>0</right>
					<top>544</top>
					<width>585</width>
					<height>60</height>
					<onup>Control.SetFocus(3000,0)</onup>
					<ondown>4702</ondown>
					<align>right</align>
					<orientation>horizontal</orientation>
					<visible>!Control.HasFocus(50001) + !Control.HasFocus(50002) + !Control.HasFocus(50003)</visible>
					<control type="togglebutton" id="4610">
						<description>Play/browse to Show</description>
						<font>IconMediumMD</font>
						<width>65</width>
						<texturenofocus />
						<include>ButtonInfoDialogsCommonValues</include>
						<label></label>
						<altlabel></altlabel>
						<onclick>ClearProperty(item_origin,Home)</onclick>
						<onclick condition="String.IsEqual(Window(Home).Property(item_dbtype),movie)">PlayMedia($INFO[Container(4800).ListItem.Property(file)])</onclick>
						<onclick condition="String.IsEqual(Window(Home).Property(item_dbtype),tvshow) + Window.IsActive(videos)">Container.Update($INFO[Container(4800).ListItem.FolderPath])</onclick>
						<onclick condition="String.IsEqual(Window(Home).Property(item_dbtype),tvshow) + !Window.IsActive(videos)">SetProperty(activate_window,$INFO[Container(4800).ListItem.FolderPath],Home)</onclick>
						<onclick condition="String.IsEqual(Window(Home).Property(item_dbtype),movie) + !Window.IsActive(videos)">SetProperty(activate_window,videodb://movies/titles/?xsp=%7B%22rules%22%3A%7B%22and%22%3A%5B%7B%22field%22%3A%22title%22%2C%22operator%22%3A%22is%22%2C%22value%22%3A%5B"$INFO[Window(Home).Property(SkinInfo.Encoded.CustomVideoTitle)]"%5D%7D%5D%7D%2C%22type%22%3A%22movies%22%7D,Home)</onclick>
						<onclick condition="String.IsEqual(Window(Home).Property(item_dbtype),movie) + Window.IsActive(videos)">Container.Update(videodb://movies/titles/?xsp=%7B%22rules%22%3A%7B%22and%22%3A%5B%7B%22field%22%3A%22title%22%2C%22operator%22%3A%22is%22%2C%22value%22%3A%5B"$INFO[Window(Home).Property(encoded_title_1102)]"%5D%7D%5D%7D%2C%22type%22%3A%22movies%22%7D)</onclick>
						<onclick>Dialog.Close(all,true)</onclick>
						<onclick condition="!Window.IsActive(videos)">ActivateWindow(videos,$INFO[Window(Home).Property(activate_window)],return)</onclick>
						<usealttexture>String.IsEqual(Window(Home).Property(item_dbtype),tvshow)</usealttexture>
						<visible>!String.IsEmpty(Window(Home).Property(item_dbid))</visible>
					</control>
					<control type="button" id="4611">
						<description>Cast</description>
						<font>IconMediumMD</font>
						<width>65</width>
						<texturenofocus />
						<include>ButtonInfoDialogsCommonValues</include>
						<label></label>
						<onclick>SetFocus(50001)</onclick>
					</control>
					<control type="button" id="4612">
						<description>Play trailer</description>
						<font>IconMediumMD</font>
						<width>65</width>
						<texturenofocus />
						<include>ButtonInfoDialogsCommonValues</include>
						<label></label>
						<onclick>SetProperty(trailer,$INFO[Container(4800).ListItem.Trailer],Home)</onclick>
						<onclick>ActivateWindow(1103)</onclick>
						<visible>!String.IsEmpty(Container(4800).ListItem.Trailer)</visible>
					</control>
					<control type="button" id="4613">
						<description>More...</description>
						<font>IconMediumMD</font>
						<width>65</width>
						<texturenofocus />
						<include>ButtonInfoDialogsCommonValues</include>
						<label></label>
						<onclick>SetProperty(FSFanart,$INFO[Container(4800).ListItem.Art(fanart)],movieinformation)</onclick>
						<onclick>ActivateWindow(1113)</onclick>
						<visible>!String.IsEmpty(Container(4800).ListItem.Art(fanart))</visible>
					</control>
				</control>
				<control type="image">
					<left>3</left>
					<top>604</top>
					<height>1</height>
					<texture colordiffuse="$VAR[ThemeLabelColor]">colors/white.png</texture>
				</control>
				<!-- Bottom Section -->
				<control type="grouplist" id="4702">
					<left>-7</left>
					<top>606</top>
					<width>2800</width>
					<height>480</height>
					<ondown>noop</ondown>
					<usecontrolcoords>true</usecontrolcoords>
					<scrolltime tween="quadratic" easing="out">300</scrolltime>
					<control type="group" id="4703">
						<width>1200</width>
						<height>480</height>
						<control type="button" id="4701">
							<left>10</left>
							<top>-2</top>
							<width>1200</width>
							<height>480</height>
							<include>ButtonInfoDialogsCommonValues</include>
							<onfocus>SetProperty(custom_actor,$INFO[Control.GetLabel(4810)],Home)</onfocus>
							<onup>4601</onup>
							<ondown>50001</ondown>
							<onclick condition="!String.IsEmpty(Container(4800).ListItem.Title)">SetProperty(TextViewerHeader,$ESCINFO[Container(4800).ListItem.Title,[B],[/B]],Home)</onclick>
							<onclick condition="String.IsEmpty(Container(4800).ListItem.Title) + !String.IsEmpty(Container(4801).ListItem.Title)">SetProperty(TextViewerHeader,$ESCINFO[Container(4801).ListItem.Title,[B],[/B]],Home)</onclick>
							<onclick condition="String.IsEqual(Window(Home).Property(item_dbtype),movie) + !String.IsEmpty(Container(4800).ListItem.Tagline)">SetProperty(TextViewerSubHeader,$ESCINFO[Container(4800).ListItem.Tagline,[LIGHT],[/LIGHT]],Home)</onclick>
							<onclick condition="String.IsEqual(Window(Home).Property(item_dbtype),movie) + String.IsEmpty(Container(4800).ListItem.Tagline) + !String.IsEmpty(Container(4801).ListItem.Tagline)">SetProperty(TextViewerSubHeader,$ESCINFO[Container(4801).ListItem.Tagline,[LIGHT],[/LIGHT]],Home)</onclick>
							<onclick condition="String.IsEqual(Window(Home).Property(item_dbtype),tvshow) + !String.IsEmpty(Container(4801).ListItem.Status)">SetProperty(TextViewerSubHeader,$ESCINFO[Container(4801).ListItem.Status,[LIGHT],[/LIGHT]],Home)</onclick>
							<onclick condition="String.IsEqual(Window(Home).Property(item_dbtype),tvshow) + String.IsEmpty(Container(4801).ListItem.Status) + !String.IsEmpty(Container(4800).ListItem.Status)">SetProperty(TextViewerSubHeader,$ESCINFO[Container(4800).ListItem.Status,[LIGHT],[/LIGHT]],Home)</onclick>
							<onclick>SetProperty(TextViewerContent,$ESCVAR[CustomPlotVar],Home)</onclick>
							<onclick>ActivateWindow(1112)</onclick>
						</control>
						<!-- Plot -->
						<control type="group">
							<left>26</left>
							<top>22</top>
							<include content="InfoPlot">
								<param name="width">780</param>
								<param name="label">$VAR[CustomPlotVar]</param>
								<param name="visible">$EXP[HasCustomInfoPlotArt]</param>
								<param name="button_id">4701</param>
							</include>
							<include content="InfoPlot">
								<param name="width">1168</param>
								<param name="label">$VAR[CustomPlotVar]</param>
								<param name="visible">$EXP[NoCustomInfoPlotArt]</param>
								<param name="button_id">4701</param>
							</include>
						</control>
						<!-- Discart/Clearart -->
						<control type="image">
							<left>820</left>
							<top>10</top>
							<width>375</width>
							<height>375</height>
							<aspectratio>keep</aspectratio>
							<texture background="true">$VAR[VideoInfoCustomDetailsImageVar]</texture>
							<visible>[String.IsEqual(Window(Home).Property(item_dbtype),movie) + Skin.HasSetting(discartoninfo)] | [String.IsEqual(Window(Home).Property(item_dbtype),tvshow) + Skin.HasSetting(CharacterOnInfo)]</visible>
						</control>
						<!-- Mediaflags -->
						<control type="group">
							<top>380</top>
							<height>90</height>
							<control type="grouplist">
								<left>10</left>
								<width>1180</width>
								<height>90</height>
								<align>center</align>
								<usecontrolcoords>true</usecontrolcoords>
								<orientation>horizontal</orientation>
								<control type="group">
									<width>160</width>
									<visible>!String.IsEmpty(Container(4800).ListItem.Studio)</visible>
									<control type="image" id="4900">
										<width>160</width>
										<include>MediaFlagValues</include>
										<texture>$VAR[PathFlagsStudios]$INFO[Container(4800).ListItem.Studio,,.png]</texture>
									</control>
									<control type="label">
										<width>160</width>
										<height>78</height>
										<align>center</align>
										<label>$INFO[Container(4800).ListItem.Studio]</label>
										<font>font10</font>
										<textcolor>grey</textcolor>
										<wrapmultiline>true</wrapmultiline>
										<visible>String.IsEmpty(Control.GetLabel(4900))</visible>
									</control>
								</control>
								<control type="image">
									<width>160</width>
									<include>MediaFlagValues</include>
									<texture>$VAR[MediaFlagsPathVar]/resolution/$INFO[Container(4800).ListItem.VideoResolution,,.png]</texture>
								</control>
								<control type="image">
									<width>160</width>
									<include>MediaFlagValues</include>
									<texture>$VAR[MediaFlagsPathVar]/$INFO[Container(4800).ListItem.HdrType,hdr/,.png]</texture>
									<visible>!String.IsEmpty(Container(4800).ListItem.HdrType)</visible>
								</control>
								<control type="image">
									<width>160</width>
									<include>MediaFlagValues</include>
									<texture>$VAR[MediaFlagsPathVar]/videocodec/$VAR[CustomSourceFlagVar]</texture>
									<visible>!String.IsEmpty(Container(4800).ListItem.VideoCodec)</visible>
								</control>
								<control type="image">
									<width>160</width>
									<include>MediaFlagValues</include>
									<texture>$VAR[MediaFlagsPathVar]/aspectratio/$INFO[Container(4800).ListItem.VideoAspect,,.png]</texture>
									<visible>!String.IsEmpty(Container(4800).ListItem.VideoAspect)</visible>
								</control>
								<control type="image">
									<width>160</width>
									<include>MediaFlagValues</include>
									<texture>$VAR[MediaFlagsPathVar]/audiocodec/$INFO[Container(4800).ListItem.AudioCodec,,.png]</texture>
									<visible>!String.IsEmpty(Container(4800).ListItem.AudioCodec)</visible>
								</control>
								<control type="image">
									<width>160</width>
									<include>MediaFlagValues</include>
									<texture>$VAR[MediaFlagsPathVar]/audiochannels/$INFO[Container(4800).ListItem.AudioChannels,,.png]</texture>
									<visible>!String.IsEmpty(Container(4800).ListItem.AudioChannels)</visible>
								</control>
								<control type="group">
									<visible>!String.IsEmpty(Container(4800).ListItem.Property(TotalSeasons))</visible>
									<width>200</width>
									<left>-20</left>
									<control type="label">
										<top>2</top>
										<height>60</height>
										<align>center</align>
										<label>$INFO[Container(4800).ListItem.Property(TotalSeasons)]</label>
										<font>font48_bold</font>
										<wrapmultiline>true</wrapmultiline>
										<textcolor>grey</textcolor>
									</control>
									<control type="label">
										<top>52</top>
										<height>30</height>
										<align>center</align>
										<label>[LOWERCASE]$VAR[OneOrMoreSeasonsVar][/LOWERCASE]</label>
										<font>font12</font>
										<textcolor>grey</textcolor>
									</control>
								</control>
								<control type="group">
									<visible>!String.IsEmpty(Container(4800).ListItem.Property(TotalEpisodes))</visible>
									<width>200</width>
									<control type="label">
										<top>2</top>
										<height>60</height>
										<align>center</align>
										<label>$INFO[Container(4800).ListItem.Property(TotalEpisodes)]</label>
										<font>font48_bold</font>
										<wrapmultiline>true</wrapmultiline>
										<textcolor>grey</textcolor>
									</control>
									<control type="label">
										<top>52</top>
										<height>30</height>
										<align>center</align>
										<label>[LOWERCASE]$VAR[OneOrMoreEpisodesVar][/LOWERCASE]</label>
										<font>font12</font>
										<textcolor>grey</textcolor>
									</control>
								</control>
								<control type="group">
									<visible>!String.IsEmpty(Container(4800).ListItem.Property(UnwatchedEpisodes))</visible>
									<width>200</width>
									<control type="label">
										<top>2</top>
										<height>60</height>
										<align>center</align>
										<label>$INFO[Container(4800).ListItem.Property(UnwatchedEpisodes)]</label>
										<font>font48_bold</font>
										<wrapmultiline>true</wrapmultiline>
										<textcolor>grey</textcolor>
									</control>
									<control type="label">
										<top>52</top>
										<height>30</height>
										<align>center</align>
										<label>[LOWERCASE]$LOCALIZE[16101][/LOWERCASE]</label>
										<font>font12</font>
										<textcolor>grey</textcolor>
									</control>
								</control>
							</control>
						</control>
					</control>
					<include content="ExtendedInfoListLayout">
						<param name="id">50001</param>
						<param name="texture">$INFO[ListItem.Icon]</param>
						<param name="fallback">DefaultActor.png</param>
						<param name="labelVisibility">true</param>
						<param name="label">$INFO[ListItem.Label2]</param>
						<param name="do_onclick">false</param>
						<param name="content">$VAR[CustomVideoInfoCastPanelContentVar]</param>
					</include>
					<include content="ExtendedInfoListLayout" condition="String.IsEqual(Window(Home).Property(item_dbtype),movie)">
						<param name="id">50002</param>
						<param name="content">plugin://script.skin.info.service/?action=by_director&amp;dbid=$INFO[Container(4800).ListItem.DBID]&amp;dbtype=$INFO[Container(4800).ListItem.DBType]</param>
					</include>
					<include content="ExtendedInfoListLayout" condition="String.IsEqual(Window(Home).Property(item_dbtype),movie)">
						<param name="id">50003</param>
						<param name="content">plugin://script.skin.info.service/?action=by_actor&amp;dbid=$INFO[Container(4800).ListItem.DBID]&amp;dbtype=movie&amp;mix=false</param>
					</include>
					<include content="ExtendedInfoListLayout" condition="String.IsEqual(Window(Home).Property(item_dbtype),tvshow)">
						<param name="id">50004</param>
						<param name="content">plugin://script.skin.info.service/?action=by_actor&amp;dbid=$INFO[Container(4800).ListItem.DBID]&amp;dbtype=tvshow&amp;mix=false</param>
					</include>
				</control>
			</control>
		</control>
		<include content="BusySpinner">
			<param name="visible">Container(4800).IsUpdating | String.IsEmpty(Container(4800).ListItem.DBID) + Container(4801).IsUpdating</param>
			<param name="texture">colors/black25.png</param>
		</include>
		<include>DebugWindow</include>
	</controls>
</window>