<?xml version="1.0" encoding="UTF-8"?>
<window id="1119" type="dialog">
	<defaultcontrol always="true">90100</defaultcontrol>
	<onunload condition="!String.IsEmpty(Window(movieinformation).Property(FSFanart))">ClearProperty(FSFanart,movieinformation)</onunload>
	<onunload condition="!String.IsEmpty(Window(Home).Property(Enable.FullscreenFanart))">ClearProperty(Enable.FullscreenFanart,Home)</onunload>
	<controls>
		<control type="group">
			<include>DialogOpenCloseAnimation</include>
			<include content="DimBackground">
				<param name="timeopen">100</param>
				<param name="timeclose">50</param>
			</include>
			<control type="grouplist" id="90100">
				<left>705</left>
				<width>510</width>
				<height>100%</height>
				<onup>90100</onup>
				<ondown>90100</ondown>
				<align>center</align>
				<control type="button" id="90101">
					<description>FS Fanart button</description>
					<include>ButtonMenuCommonValues</include>
					<label>$LOCALIZE[31092]</label>
					<onclick>ActivateWindow(1113)</onclick>
				</control>
				<control type="button" id="90102">
					<description>Trakt Rate button</description>
					<include>ButtonMenuCommonValues</include>
					<label>$LOCALIZE[31970]</label>
					<onclick>Dialog.Close(1119)</onclick>
					<onclick>Dialog.Close(MovieInformation)</onclick>
					<onclick>RunScript(script.trakt,action=rate)</onclick>
					<visible>!Skin.HasSetting(KioskMode.Enabled) + !String.IsEqual(ListItem.DBTYPE,set)</visible>
					<visible>System.AddonIsEnabled(script.trakt) + [Container.Content(movies) | Container.Content(tvshows) | Container.Content(seasons) | Container.Content(episodes)]</visible>
				</control>
				<control type="button" id="90103">
					<description>PreshowExperience</description>
					<include>ButtonMenuCommonValues</include>
					<label>$INFO[System.AddonTitle(script.preshowexperience)]</label>
					<onclick>Dialog.Close(1119)</onclick>
					<onclick>RunScript(script.preshowexperience,experience)</onclick>
					<visible>System.AddonIsEnabled(script.preshowexperience) + [String.IsEqual(ListItem.DBTYPE,movie) | String.IsEqual(ListItem.DBTYPE,tvshow) | String.IsEqual(ListItem.DBTYPE,season) | String.IsEqual(ListItem.DBTYPE,episode)] + String.IsEqual(Skin.String(CinemaVision.Button),$LOCALIZE[31014]) + String.IsEmpty(Window(Home).Property(script.preshowexperience.running))</visible>
				</control>
				<control type="button" id="90104">
					<description>Search YouTube button</description>
					<include>ButtonMenuCommonValues</include>
					<label>$INFO[System.AddonTitle(plugin.video.youtube),$LOCALIZE[137]  ]</label>
					<onclick>Dialog.Close(all,true)</onclick>
					<onclick>ActivateWindow(videos,"plugin://plugin.video.youtube/kodion/search/list/",return)</onclick>
					<visible>!Skin.HasSetting(KioskMode.Enabled)</visible>
					<visible>System.AddonIsEnabled(plugin.video.youtube)</visible>
				</control>
				<control type="button" id="90105">
					<description>Edit button</description>
					<include>ButtonMenuCommonValues</include>
					<label>$LOCALIZE[21435]</label>
					<onclick>Dialog.Close(1119)</onclick>
					<onclick>RunScript(script.skin.info.service,action=edit,dbid=$INFO[ListItem.DBID],dbtype=$INFO[ListItem.DBType])</onclick>
					<visible>!Skin.HasSetting(KioskMode.Enabled) + !String.IsEqual(ListItem.DBTYPE,set) + !Window.IsActive(Home)</visible>
				</control>
				<control type="button" id="90106">
					<description>Edit button</description>
					<include>ButtonMenuCommonValues</include>
					<label>$LOCALIZE[31113]</label>
					<onclick>Dialog.Close(1119)</onclick>
					<onclick>RunScript(script.skin.info.service,action=review_artwork,dbid=$INFO[ListItem.DBID],dbtype=$INFO[ListItem.DBType])</onclick>
					<visible>!Skin.HasSetting(KioskMode.Enabled)</visible>
				</control>
				<control type="button" id="90107">
					<description>Videoinfo settings button</description>
					<include>ButtonMenuCommonValues</include>
					<label>$LOCALIZE[5]</label>
					<onclick>Dialog.Close(1119)</onclick>
					<onclick>SetProperty(DialogSettings,videoinfo,Home)</onclick>
					<onclick>ActivateWindow(1114)</onclick>
					<visible>!Skin.HasSetting(KioskMode.Enabled) + !Window.IsActive(musicinformation)</visible>
				</control>
				<control type="button" id="90108">
					<description>No extra features button</description>
					<include>ButtonMenuCommonValues</include>
					<label>$LOCALIZE[31075]</label>
					<onclick>Dialog.Close(1119)</onclick>
					<visible>![Control.IsVisible(90101) | Control.IsVisible(90102) | Control.IsVisible(90103) | Control.IsVisible(90104) | Control.IsVisible(90105) | Control.IsVisible(90106) | Control.IsVisible(90107)]</visible>
				</control>
			</control>
		</control>
		<include>DebugWindow</include>
	</controls>
</window>