<?xml version="1.0" encoding="UTF-8"?>
<window>
	<defaultcontrol always="true">90001</defaultcontrol>
	<controls>
		<control type="list" id="212">
			<include>HiddenList</include>
		</control>
		<control type="group">
			<include>WindowSettingsFadeAnimation</include>
			<top>64</top>
			<control type="group">
				<visible>String.IsEmpty(Window.Property(additionalDialog)) | String.Contains(Window(Home).Property(skinshortcuts-dialog),custom-widget)</visible>
				<control type="list" id="211">
					<left>81</left>
					<top>32</top>
					<width>896</width>
					<height>810</height>
					<onright>9000</onright>
					<scrolltime>0</scrolltime>
					<itemlayout height="81" width="356" condition="!String.IsEqual(Window.Property(menuname),buttonmenu)">
						<control type="group">
							<visible>!String.IsEqual(Window(Home).Property(skinshortcuts-dialog),widget1) + !String.IsEqual(Window(Home).Property(skinshortcuts-dialog),widget2)</visible>
							<include>SettingsFadeAnimation</include>
							<control type="label">
								<width>630</width>
								<height>81</height>
								<font>font15_title</font>
								<textoffsetx>20</textoffsetx>
								<textcolor>grey</textcolor>
								<label>$VAR[ShortcutsDisabledVar]$INFO[ListItem.Label]</label>
								<visible>!String.IsEqual(Skin.String(MainMenu.Layout),icons)</visible>
							</control>
							<control type="group">
								<visible>String.IsEqual(Skin.String(MainMenu.Layout),icons)</visible>
								<control type="label">
									<left>45</left>
									<width>315</width>
									<height>81</height>
									<font>font15_title</font>
									<textoffsetx>20</textoffsetx>
									<textcolor>grey2</textcolor>
									<label>$VAR[ShortcutsDisabledVar]$INFO[ListItem.Label]</label>
								</control>
								<control type="image">
									<left>-5</left>
									<width>70</width>
									<height>81</height>
									<aspectratio>keep</aspectratio>
									<texture colordiffuse="grey2">$INFO[ListItem.Icon]</texture>
									<visible>String.IsEqual(Window.Property(menuname),mainmenu)</visible>
								</control>
							</control>
						</control>
					</itemlayout>
					<focusedlayout height="81" width="550" condition="!String.IsEqual(Window.Property(menuname),buttonmenu)">
						<control type="image">
							<width>630</width>
							<height>81</height>
							<texture colordiffuse="$VAR[HighlightBarColor]" border="4">colors/white50.png</texture>
							<animation effect="fade" start="100" end="40" time="300" tween="sine" easing="inout" condition="!ControlGroup(90000).HasFocus">Conditional</animation>
							<visible>String.IsEmpty(Window(Home).Property(skinshortcuts-dialog)) | String.Contains(Window(Home).Property(skinshortcuts-dialog),custom-widget)</visible>
						</control>
						<control type="image">
							<width>355</width>
							<height>81</height>
							<texture colordiffuse="$VAR[HighlightBarColor]" border="4">colors/white50.png</texture>
							<animation effect="fade" start="100" end="40" time="300" tween="sine" easing="inout" condition="true">Conditional</animation>
							<visible>!String.IsEmpty(Window(Home).Property(skinshortcuts-dialog))</visible>
						</control>
						<control type="label">
							<width>350</width>
							<height>81</height>
							<font>font15_title</font>
							<textoffsetx>20</textoffsetx>
							<label>$VAR[ShortcutsDisabledVar]$INFO[ListItem.Label]</label>
							<visible>!String.IsEqual(Skin.String(MainMenu.Layout),icons)</visible>
							<scroll>true</scroll>
						</control>
						<control type="group">
							<visible>String.IsEqual(Skin.String(MainMenu.Layout),icons)</visible>
							<control type="label">
								<left>45</left>
								<width>315</width>
								<height>81</height>
								<font>font15_title</font>
								<textoffsetx>20</textoffsetx>
								<label>$VAR[ShortcutsDisabledVar]$INFO[ListItem.Label]</label>
								<scroll>true</scroll>
							</control>
							<control type="image">
								<left>-5</left>
								<width>70</width>
								<height>81</height>
								<aspectratio>keep</aspectratio>
								<texture>$INFO[ListItem.Icon]</texture>
								<visible>String.IsEqual(Window.Property(menuname),mainmenu)</visible>
							</control>
						</control>
					</focusedlayout>
					<itemlayout height="81" width="356" condition="String.IsEqual(Window.Property(menuname),buttonmenu)">
						<control type="label">
							<width>630</width>
							<height>81</height>
							<font>font15_title</font>
							<textoffsetx>20</textoffsetx>
							<textcolor>grey</textcolor>
							<label>$VAR[ShortcutsDisabledVar]$INFO[ListItem.Label]</label>
						</control>
					</itemlayout>
					<focusedlayout height="81" width="550" condition="String.IsEqual(Window.Property(menuname),buttonmenu)">
						<control type="image">
							<width>630</width>
							<height>81</height>
							<texture colordiffuse="$VAR[HighlightBarColor]" border="4">colors/white50.png</texture>
							<animation effect="fade" start="100" end="40" time="300" tween="sine" easing="inout" condition="!ControlGroup(90000).HasFocus">Conditional</animation>
						</control>
						<control type="label">
							<width>460</width>
							<height>81</height>
							<font>font15_title</font>
							<textoffsetx>20</textoffsetx>
							<label>$VAR[ShortcutsDisabledVar]$INFO[ListItem.Label]</label>
							<scroll>true</scroll>
						</control>
					</focusedlayout>
				</control>
				<control type="grouplist" id="90000">
					<left>240</left>
					<top>32</top>
					<width>480</width>
					<height>81</height>
					<onright>90001</onright>
					<onup>Control.Move(211,-1)</onup>
					<ondown>Control.Move(211,1)</ondown>
					<align>right</align>
					<orientation>horizontal</orientation>
					<itemgap>-24</itemgap>
					<visible>String.IsEmpty(Window(Home).Property(skinshortcuts-dialog)) | String.Contains(Window(Home).Property(skinshortcuts-dialog),custom-widget)</visible>
					<animation effect="slide" end="120" condition="String.IsEqual(Window.Property(menuname),buttonmenu)">Conditional</animation>
					<animation effect="slide" end="0,81" condition="Integer.IsGreater(Container(211).Position,0)">Conditional</animation>
					<animation effect="slide" end="0,81" condition="Integer.IsGreater(Container(211).Position,1)">Conditional</animation>
					<animation effect="slide" end="0,81" condition="Integer.IsGreater(Container(211).Position,2)">Conditional</animation>
					<animation effect="slide" end="0,81" condition="Integer.IsGreater(Container(211).Position,3)">Conditional</animation>
					<animation effect="slide" end="0,81" condition="Integer.IsGreater(Container(211).Position,4)">Conditional</animation>
					<animation effect="slide" end="0,81" condition="Integer.IsGreater(Container(211).Position,5)">Conditional</animation>
					<animation effect="slide" end="0,81" condition="Integer.IsGreater(Container(211).Position,6)">Conditional</animation>
					<animation effect="slide" end="0,81" condition="Integer.IsGreater(Container(211).Position,7)">Conditional</animation>
					<animation effect="slide" end="0,81" condition="Integer.IsGreater(Container(211).Position,8)">Conditional</animation>
					<animation effect="slide" end="0,81" condition="Integer.IsGreater(Container(211).Position,9)">Conditional</animation>
					<animation effect="slide" end="0,81" condition="Integer.IsGreater(Container(211).Position,10)">Conditional</animation>
					<control type="button" id="311">
						<texturefocus />
						<texturenofocus />
						<width>80</width>
						<height>81</height>
						<align>center</align>
						<aligny>center</aligny>
						<font>IconMediumMD</font>
						<textcolor>grey2</textcolor>
						<focusedcolor>white</focusedcolor>
						<label></label>
						<visible>!String.IsEmpty(Window.Property(skinshortcuts-hasdeleted))</visible>
					</control>
					<control type="button" id="312">
						<texturefocus />
						<texturenofocus />
						<width>80</width>
						<height>81</height>
						<align>center</align>
						<aligny>center</aligny>
						<font>IconMediumMD</font>
						<textcolor>grey2</textcolor>
						<focusedcolor>white</focusedcolor>
						<label></label>
						<visible>!String.IsEmpty(Container(211).ListItem.Property(isResettable))</visible>
					</control>
					<control type="button" id="302">
						<texturefocus />
						<texturenofocus />
						<width>80</width>
						<height>81</height>
						<align>center</align>
						<aligny>center</aligny>
						<font>IconMediumMD</font>
						<textcolor>grey2</textcolor>
						<focusedcolor>white</focusedcolor>
						<label></label>
					</control>
					<control type="button" id="301">
						<texturefocus />
						<texturenofocus />
						<width>80</width>
						<height>81</height>
						<align>center</align>
						<aligny>center</aligny>
						<font>IconMediumMD</font>
						<textcolor>grey2</textcolor>
						<focusedcolor>white</focusedcolor>
						<label></label>
						<visible>!String.IsEqual(Window.Property(menuname),buttonmenu)</visible>
					</control>
					<control type="button" id="303">
						<texturefocus />
						<texturenofocus />
						<width>80</width>
						<height>81</height>
						<align>center</align>
						<aligny>center</aligny>
						<font>IconMediumMD</font>
						<textcolor>grey2</textcolor>
						<focusedcolor>white</focusedcolor>
						<label></label>
					</control>
					<control type="button" id="304">
						<texturefocus />
						<texturenofocus />
						<width>80</width>
						<height>81</height>
						<align>center</align>
						<aligny>center</aligny>
						<font>IconMediumMD</font>
						<textcolor>grey2</textcolor>
						<focusedcolor>white</focusedcolor>
						<label></label>
					</control>
				</control>
				<control type="group" id="9000">
					<left>713</left>
					<top>32</top>
					<visible>String.IsEmpty(Window(Home).Property(skinshortcuts-dialog)) | String.Contains(Window(Home).Property(skinshortcuts-dialog),custom-widget)</visible>
					<control type="image">
						<left>-1</left>
						<top>80</top>
						<width>1126</width>
						<height>1</height>
						<texture colordiffuse="$VAR[ThemeLabelColor]">colors/white.png</texture>
					</control>
					<control type="group" id="90001">
						<width>1125</width>
						<height>810</height>
						<control type="togglebutton" id="313">
							<description>Enable/Disable</description>
							<onup>519</onup>
							<ondown>401</ondown>
							<onleft>304</onleft>
							<width>1125</width>
							<height>80</height>
							<include>SettingsButtonCommonValues</include>
							<label>$LOCALIZE[24022]</label>
							<altlabel>$LOCALIZE[24021]</altlabel>
							<usealttexture>!String.IsEqual(Container(211).ListItem.Property(skinshortcuts-disabled),True)</usealttexture>
						</control>
						<control type="grouplist" id="9001">
							<top>81</top>
							<width>1125</width>
							<height>729</height>
							<onleft>304</onleft>
							<onup>313</onup>
							<ondown>313</ondown>
							<visible>!String.IsEqual(Container(211).ListItem.Property(skinshortcuts-disabled),True)</visible>
							<control type="button" id="401">
								<description>Choose shortcut</description>
								<width>1125</width>
								<include>SettingsButtonCommonValues</include>
								<label>$ADDON[script.skinshortcuts 32048]</label>
								<visible>!String.IsEqual(Window.Property(menuname),buttonmenu)</visible>
							</control>
							<control type="button" id="305">
								<description>Change label</description>
								<width>1125</width>
								<include>SettingsButtonCommonValues</include>
								<label>$ADDON[script.skinshortcuts 32025]</label>
								<label2>$INFO[Container(211).ListItem.Label]</label2>
							</control>
							<control type="button" id="306">
								<description>Change icon</description>
								<width>1125</width>
								<include>SettingsButtonCommonValues</include>
								<label>$LOCALIZE[31047]</label>
								<label2>$VAR[SkinShortcutsIconLabelVar]</label2>
								<visible>[String.IsEqual(Skin.String(MainMenu.Layout),icons) + String.IsEqual(Window.Property(menuname),mainmenu)] | String.Contains(Window(Home).Property(skinshortcuts-dialog),custom-widget)</visible>
							</control>
							<control type="button" id="307">
								<description>Change action</description>
								<width>1125</width>
								<include>SettingsButtonCommonValues</include>
								<label>$ADDON[script.skinshortcuts 32027]</label>
								<label2>$INFO[Container(211).ListItem.Property(path)]</label2>
								<visible>!String.IsEqual(Window.Property(menuname),buttonmenu)</visible>
							</control>
							<control type="button" id="405">
								<description>Edit submenu</description>
								<width>1125</width>
								<include>SettingsButtonCommonValues</include>
								<label>$LOCALIZE[31080]</label>
								<visible>String.IsEqual(Window.Property(menuname),mainmenu) + String.IsEqual(Container(211).ListItem.Property(hasSubmenu),true)</visible>
							</control>
							<control type="button" id="310">
								<description>Change background</description>
								<width>1125</width>
								<include>SettingsButtonCommonValues</include>
								<label>$ADDON[script.skinshortcuts 32045]</label>
								<label2>$INFO[Container(211).ListItem.Property(backgroundLabel)]</label2>
								<visible>!String.IsEqual(Window.Property(menuname),buttonmenu)</visible>
							</control>
							<control type="button" id="510">
								<description>Choose infoline</description>
								<width>1125</width>
								<include>SettingsButtonCommonValues</include>
								<label>$LOCALIZE[31049]</label>
								<label2>$INFO[Container(211).ListItem.Property(InfoLineLabel)]</label2>
								<visible>String.IsEqual(Window.Property(menuname),mainmenu)</visible>
							</control>
							<control type="button" id="800">
								<description>Widget 1</description>
								<width>1125</width>
								<include>SettingsButtonCommonValues</include>
								<label>$ADDON[script.skinshortcuts 32044] 1</label>
								<label2>$VAR[Widget1DisplayTitleVar]</label2>
								<visible>String.IsEqual(Window.Property(menuname),mainmenu)</visible>
							</control>
							<control type="button" id="801">
								<description>Widget 2</description>
								<width>1125</width>
								<include>SettingsButtonCommonValues</include>
								<label>$ADDON[script.skinshortcuts 32044] 2</label>
								<label2>$VAR[Widget2DisplayTitleVar]</label2>
								<visible>String.IsEqual(Window.Property(menuname),mainmenu)</visible>
							</control>
							<control type="radiobutton" id="519">
								<description>Show Live TV Widget</description>
								<width>1125</width>
								<radioposx>1007</radioposx>
								<include>SettingsButtonCommonValues</include>
								<label>$LOCALIZE[31273]</label>
								<selected>!String.IsEmpty(Container(211).ListItem.Property(widgetLiveTV))</selected>
								<visible>System.HasPVRAddon + [PVR.HasTVChannels | PVR.HasRadioChannels] + String.IsEqual(Window.Property(menuname),mainmenu)</visible>
							</control>
						</control>
					</control>
				</control>
			</control>
			<!-- Widget Settings -->
			<control type="group">
				<visible>String.IsEqual(Window(Home).Property(skinshortcuts-dialog),widget1) | String.IsEqual(Window(Home).Property(skinshortcuts-dialog),widget2)</visible>
				<include>SettingsFadeAnimation</include>
				<control type="grouplist" id="6000">
					<left>437</left>
					<top>32</top>
					<width>1401</width>
					<height>810</height>
					<onup>6000</onup>
					<ondown>6000</ondown>
					<scrolltime tween="quadratic" easing="out">200</scrolltime>
					<control type="button" id="309">
						<description>Change widget</description>
						<include>SettingsButtonCommonValues</include>
						<label>$ADDON[script.skinshortcuts 32044]</label>
						<label2>$VAR[WidgetLabelVar]</label2>
					</control>
					<control type="button" id="1001">
						<description>Change widget style</description>
						<include>SettingsButtonCommonValues</include>
						<label>$LOCALIZE[31701]</label>
						<label2>$VAR[WidgetStyleLabelVar]</label2>
						<visible>!String.IsEmpty(Container(212).ListItem.Property(widgetPath)) + !String.IsEqual(Window(Home).Property(skinshortcuts-suffix),.2) | [!String.IsEmpty(Container(212).ListItem.Property(widgetPath.2)) + String.IsEqual(Window(Home).Property(skinshortcuts-suffix),.2)]</visible>
					</control>
					<control type="button" id="1004">
						<description>Change widget art</description>
						<include>SettingsButtonCommonValues</include>
						<label>$LOCALIZE[31706]</label>
						<label2>$VAR[WidgetArtLabelVar]</label2>
						<visible>!String.IsEqual(Window(Home).Property(skinshortcuts-suffix),.2) + !String.IsEmpty(Container(212).ListItem.Property(widgetPath)) + !String.IsEmpty(Container(212).ListItem.Property(widgetStyle)) | String.IsEqual(Window(Home).Property(skinshortcuts-suffix),.2) + !String.IsEmpty(Container(212).ListItem.Property(widgetPath.2)) + !String.IsEmpty(Container(212).ListItem.Property(widgetStyle.2))</visible>
						<visible>!String.IsEqual(Window(Home).Property(skinshortcuts-suffix),.2) + ![String.IsEqual(Container(212).ListItem.Property(widgetType),system) + String.Contains(Container(212).ListItem.Property(widgetStyle),List)] | String.IsEqual(Window(Home).Property(skinshortcuts-suffix),.2) + ![String.IsEqual(Container(212).ListItem.Property(widgetType.2),system) + String.Contains(Container(212).ListItem.Property(widgetStyle.2),List)]</visible>
					</control>
					<control type="button" id="1008">
						<description>Change widget case</description>
						<include>SettingsButtonCommonValues</include>
						<label>$LOCALIZE[31707]</label>
						<label2>$VAR[WidgetCaseLabelVar]</label2>
						<visible>!String.IsEqual(Window(Home).Property(skinshortcuts-suffix),.2) + !String.IsEmpty(Container(212).ListItem.Property(widgetPath)) + !String.IsEmpty(Container(212).ListItem.Property(widgetStyle)) | String.IsEqual(Window(Home).Property(skinshortcuts-suffix),.2) + !String.IsEmpty(Container(212).ListItem.Property(widgetPath.2)) + !String.IsEmpty(Container(212).ListItem.Property(widgetStyle.2))</visible>
						<visible>!String.IsEqual(Window(Home).Property(skinshortcuts-suffix),.2) + ![String.IsEqual(Container(212).ListItem.Property(widgetType),system) + String.Contains(Container(212).ListItem.Property(widgetStyle),List)] | String.IsEqual(Window(Home).Property(skinshortcuts-suffix),.2) + ![String.IsEqual(Container(212).ListItem.Property(widgetType.2),system) + String.Contains(Container(212).ListItem.Property(widgetStyle.2),List)]</visible>
					</control>
					<control type="button" id="1002">
						<description>Change widget background</description>
						<include>SettingsButtonCommonValues</include>
						<label>$LOCALIZE[31702]</label>
						<label2>$VAR[WidgetBackLabelVar]</label2>
						<visible>!String.IsEqual(Window(Home).Property(skinshortcuts-suffix),.2) + !String.IsEmpty(Container(212).ListItem.Property(widgetPath)) + !String.IsEmpty(Container(212).ListItem.Property(widgetStyle)) | String.IsEqual(Window(Home).Property(skinshortcuts-suffix),.2) + !String.IsEmpty(Container(212).ListItem.Property(widgetPath.2)) + !String.IsEmpty(Container(212).ListItem.Property(widgetStyle.2))</visible>
						<visible>!Skin.HasSetting(Enable.GlobalWidgetBack)</visible>
					</control>
					<control type="button" id="1003">
						<description>Change widget title</description>
						<include>SettingsButtonCommonValues</include>
						<label>$LOCALIZE[31703]</label>
						<label2>$VAR[WidgetTitleLabelVar]</label2>
						<visible>!String.IsEqual(Window(Home).Property(skinshortcuts-suffix),.2) + !String.IsEmpty(Container(212).ListItem.Property(widgetPath)) + !String.IsEmpty(Container(212).ListItem.Property(widgetStyle)) | String.IsEqual(Window(Home).Property(skinshortcuts-suffix),.2) + !String.IsEmpty(Container(212).ListItem.Property(widgetPath.2)) + !String.IsEmpty(Container(212).ListItem.Property(widgetStyle.2))</visible>
						<visible>!String.IsEqual(Window(Home).Property(skinshortcuts-suffix),.2) + !String.Contains(Container(212).ListItem.Property(widgetStyle),List) | String.IsEqual(Window(Home).Property(skinshortcuts-suffix),.2) + !String.Contains(Container(212).ListItem.Property(widgetStyle.2),List)</visible>
					</control>
					<control type="button" id="1020">
						<description>Change list widget text</description>
						<include>SettingsButtonCommonValues</include>
						<label>$LOCALIZE[31704]</label>
						<label2>$VAR[WidgetListLabelVar]</label2>
						<visible>!String.IsEqual(Window(Home).Property(skinshortcuts-suffix),.2) + !String.IsEmpty(Container(212).ListItem.Property(widgetPath)) + !String.IsEmpty(Container(212).ListItem.Property(widgetStyle)) | String.IsEqual(Window(Home).Property(skinshortcuts-suffix),.2) + !String.IsEmpty(Container(212).ListItem.Property(widgetPath.2)) + !String.IsEmpty(Container(212).ListItem.Property(widgetStyle.2))</visible>
						<visible>!String.IsEqual(Window(Home).Property(skinshortcuts-suffix),.2) + String.Contains(Container(212).ListItem.Property(widgetStyle),List) | String.IsEqual(Window(Home).Property(skinshortcuts-suffix),.2) + String.Contains(Container(212).ListItem.Property(widgetStyle.2),List)</visible>
						<visible>!String.IsEqual(Window(Home).Property(skinshortcuts-suffix),.2) + !String.IsEqual(Container(212).ListItem.Property(widgetArt),Banner) | String.IsEqual(Window(Home).Property(skinshortcuts-suffix),.2) + !String.IsEqual(Container(212).ListItem.Property(widgetArt.2),Banner)</visible>
						<visible>!String.IsEqual(Window(Home).Property(skinshortcuts-suffix),.2) + !String.IsEqual(Container(212).ListItem.Property(widgetType),system) + !String.IsEqual(Container(212).ListItem.Property(widgetType),weather) | String.IsEqual(Window(Home).Property(skinshortcuts-suffix),.2) + !String.IsEqual(Container(212).ListItem.Property(widgetType.2),system) + !String.IsEqual(Container(212).ListItem.Property(widgetType.2),weather)</visible>
					</control>
					<control type="radiobutton" id="1021">
						<description>Enable panel widget info</description>
						<include>SettingsButtonCommonValues</include>
						<selected>!String.IsEqual(Window(Home).Property(skinshortcuts-suffix),.2) + !String.IsEmpty(Container(212).ListItem.Property(widgetPanelInfo)) | String.IsEqual(Window(Home).Property(skinshortcuts-suffix),.2) + !String.IsEmpty(Container(212).ListItem.Property(widgetPanelInfo.2))</selected>
						<label>$LOCALIZE[31705]</label>
						<visible>!String.IsEqual(Window(Home).Property(skinshortcuts-suffix),.2) + !String.IsEmpty(Container(212).ListItem.Property(widgetPath)) + !String.IsEmpty(Container(212).ListItem.Property(widgetStyle)) | String.IsEqual(Window(Home).Property(skinshortcuts-suffix),.2) + !String.IsEmpty(Container(212).ListItem.Property(widgetPath.2)) + !String.IsEmpty(Container(212).ListItem.Property(widgetStyle.2))</visible>
						<visible>!String.IsEqual(Window(Home).Property(skinshortcuts-suffix),.2) + !String.Contains(Container(212).ListItem.Property(widgetStyle),List) | String.IsEqual(Window(Home).Property(skinshortcuts-suffix),.2) + !String.Contains(Container(212).ListItem.Property(widgetStyle.2),List)</visible>
					</control>
					<control type="radiobutton" id="1022">
						<description>Enable widget hide</description>
						<include>SettingsButtonCommonValues</include>
						<label>$LOCALIZE[31289]</label>
						<selected>!String.IsEqual(Window(Home).Property(skinshortcuts-suffix),.2) + !String.IsEmpty(Container(212).ListItem.Property(widgetHide)) | String.IsEqual(Window(Home).Property(skinshortcuts-suffix),.2) + !String.IsEmpty(Container(212).ListItem.Property(widgetHide.2))</selected>
						<visible>!String.IsEqual(Window(Home).Property(skinshortcuts-suffix),.2) + !String.IsEmpty(Container(212).ListItem.Property(widgetPath)) + !String.IsEmpty(Container(212).ListItem.Property(widgetStyle)) | String.IsEqual(Window(Home).Property(skinshortcuts-suffix),.2) + !String.IsEmpty(Container(212).ListItem.Property(widgetPath.2)) + !String.IsEmpty(Container(212).ListItem.Property(widgetStyle.2))</visible>
					</control>
					<control type="radiobutton" id="1023">
						<description>Disable widget fanart</description>
						<include>SettingsButtonCommonValues</include>
						<label>$LOCALIZE[31444]</label>
						<selected>!String.IsEqual(Window(Home).Property(skinshortcuts-suffix),.2) + !String.IsEmpty(Container(212).ListItem.Property(widgetDisableFanart)) | String.IsEqual(Window(Home).Property(skinshortcuts-suffix),.2) + !String.IsEmpty(Container(212).ListItem.Property(widgetDisableFanart.2))</selected>
						<visible>!String.IsEqual(Window(Home).Property(skinshortcuts-suffix),.2) + !String.IsEmpty(Container(212).ListItem.Property(widgetPath)) + !String.IsEmpty(Container(212).ListItem.Property(widgetStyle)) | String.IsEqual(Window(Home).Property(skinshortcuts-suffix),.2) + !String.IsEmpty(Container(212).ListItem.Property(widgetPath.2)) + !String.IsEmpty(Container(212).ListItem.Property(widgetStyle.2))</visible>
					</control>
					<control type="group" id="6002">
						<width>1401</width>
						<height>81</height>
						<visible>!String.IsEqual(Window(Home).Property(skinshortcuts-suffix),.2) + !String.IsEmpty(Container(212).ListItem.Property(widgetPath)) + !String.IsEmpty(Container(212).ListItem.Property(widgetStyle)) | String.IsEqual(Window(Home).Property(skinshortcuts-suffix),.2) + !String.IsEmpty(Container(212).ListItem.Property(widgetPath.2)) + !String.IsEmpty(Container(212).ListItem.Property(widgetStyle.2))</visible>
						<control type="button" id="1017">
							<description>Change widget limit</description>
							<width>467</width>
							<onup>1023</onup>
							<ondown>309</ondown>
							<onright>1012</onright>
							<include>SettingsButtonCommonValues</include>
							<label>$LOCALIZE[21427]</label>
							<label2>$VAR[WidgetLimitLabelVar]</label2>
						</control>
						<control type="button" id="1012">
							<description>Change widget sort by</description>
							<left>467</left>
							<width>467</width>
							<onup>1023</onup>
							<ondown>309</ondown>
							<onleft>1017</onleft>
							<onright>1016</onright>
							<include>SettingsButtonCommonValues</include>
							<label>$LOCALIZE[31277]</label>
							<label2>$VAR[WidgetSortbyLabelVar]</label2>
						</control>
						<control type="button" id="1016">
							<description>Change widget sort order</description>
							<left>934</left>
							<width>467</width>
							<onup>1023</onup>
							<ondown>309</ondown>
							<onleft>1012</onleft>
							<include>SettingsButtonCommonValues</include>
							<label>$LOCALIZE[31278]</label>
							<label2>$VAR[WidgetSortLabelVar]</label2>
						</control>
					</control>
				</control>
			</control>
			<control type="textbox">
				<left>745</left>
				<width>1063</width>
				<include>SettingsTextboxValues</include>
				<label>$VAR[SkinShortcutsDescriptionVar]</label>
				<autoscroll time="3000" delay="4000" repeat="5000">true</autoscroll>
				<animation effect="slide" end="-278" condition="ControlGroup(90000).HasFocus">Conditional</animation>
			</control>
		</control>
		<control type="button" id="404">
			<include>HiddenObject</include>
		</control>
		<control type="label" id="500">
			<include>HiddenObject</include>
		</control>
	</controls>
</window>