<?xml version="1.0" encoding="UTF-8"?>
<window>
	<defaultcontrol always="true">996</defaultcontrol>
	<animation type="WindowOpen" reversible="false">
		<effect type="zoom" start="150" end="100" center="auto" time="300" tween="cubic" easing="out" />
		<effect type="fade" end="100" time="150" />
	</animation>
	<animation type="WindowClose" reversible="false">
		<effect type="fade" start="100" end="0" time="100" delay="100" />
		<effect type="zoom" start="100" end="130" center="auto" time="200" tween="cubic" easing="in" />
	</animation>
	<controls>
		<control type="image" id="999">
			<width>510</width>
			<height>100%</height>
			<texture border="10,8,10,8" colordiffuse="black">button_nofocus.png</texture>
		</control>
		<control type="grouplist" id="996">
			<width>510</width>
			<onup>996</onup>
			<ondown>996</ondown>
			<height min="60" max="1080">auto</height>
			<control type="button" id="1000">
				<texturenofocus />
				<include>ButtonMenuCommonValues</include>
			</control>
		</control>
	</controls>
</window>