<?xml version="1.0" encoding="UTF-8"?>
<includes>
	<!-- BannerWall -->
	<include name="BannerWall">
		<control type="group">
			<top>-4</top>
			<visible>Control.IsVisible(58) + !Window.IsActive(addoninformation)</visible>
			<include>ViewAnimation</include>
			<control type="group">
				<animation effect="slide" start="0" end="0,60" condition="!Skin.HasSetting(Disable.BannerWallInfo)">Conditional</animation>
				<include content="BackPanel">
					<param name="left">104</param>
					<param name="top">106</param>
					<param name="width">1702</param>
					<param name="height">778</param>
					<param name="visible">!Skin.HasSetting(BannerPlex) | !Skin.HasSetting(Disable.BannerWallInfo)</param>
				</include>
				<include content="BackPanel">
					<param name="left">104</param>
					<param name="top">545</param>
					<param name="width">1702</param>
					<param name="height">340</param>
					<param name="visible">Skin.HasSetting(BannerPlex) + Skin.HasSetting(Disable.BannerWallInfo)</param>
				</include>
				<control type="panel" id="58">
					<left>120</left>
					<include condition="!Skin.HasSetting(Disable.BannerWallInfo)">BannerWallInfoWidth</include>
					<include condition="Skin.HasSetting(Disable.BannerWallInfo)">BannerWallNoInfoWidth</include>
					<include condition="!Skin.HasSetting(BannerPlex) + Skin.HasSetting(Disable.BannerWallInfo) | !Skin.HasSetting(Disable.BannerWallInfo)">BannerWallHigh</include>
					<include condition="Skin.HasSetting(BannerPlex) + Skin.HasSetting(Disable.BannerWallInfo)">BannerWallLow</include>
					<onleft condition="Control.IsVisible(95860)">95860</onleft>
					<onleft condition="!Control.IsVisible(95860)">SetProperty(MediaMenu,True,Home)</onleft>
					<onleft condition="!Control.IsVisible(95860)">SetFocus(9050)</onleft>
					<onright>95861</onright>
					<onup>58</onup>
					<ondown>58</ondown>
					<pagecontrol>95860</pagecontrol>
					<preloaditems>2</preloaditems>
					<viewtype label="31088">wide</viewtype>
					<scrolltime tween="quadratic" easing="out">300</scrolltime>
					<visible>!Skin.HasSetting(Enable_ViewLocking) + [Container.Content(tvshows) | Container.Content(movies)] | Skin.HasSetting(Enable_ViewLocking) + $EXP[ShortcutView_58]</visible>
					<itemlayout height="110" width="560">
						<control type="image">
							<width>560</width>
							<height>110</height>
							<aspectratio>scale</aspectratio>
							<texture border="4" colordiffuse="BFFFFFFF" background="true">$VAR[BannerThumb]</texture>
							<bordersize>4</bordersize>
							<bordertexture border="4" infill="false" colordiffuse="shadow">colors/black.png</bordertexture>
							<visible>!String.IsEmpty(ListItem.Art(banner)) | String.IsEmpty(ListItem.Art(fanart))</visible>
						</control>
						<control type="group">
							<visible>String.IsEmpty(ListItem.Art(banner))</visible>
							<control type="image">
								<width>560</width>
								<height>110</height>
								<aspectratio>scale</aspectratio>
								<texture border="4" colordiffuse="BFFFFFFF" background="true">$INFO[ListItem.Art(fanart)]</texture>
								<bordersize>4</bordersize>
								<bordertexture border="4" infill="false" colordiffuse="shadow">colors/black.png</bordertexture>
							</control>
							<control type="image">
								<top>5</top>
								<width>300</width>
								<height>100</height>
								<aspectratio>keep</aspectratio>
								<texture colordiffuse="BFFFFFFF" background="true">$INFO[ListItem.Art(clearlogo)]</texture>
								<bordersize>4</bordersize>
							</control>
						</control>
						<include content="PosterStatusOverlay">
							<param name="left">522</param>
							<param name="top">4</param>
							<param name="size">34</param>
							<param name="visible">!String.IsEmpty(Skin.String(58.Movies.DisableOverlay)) + [Container.Content(movies) | Container.Content(sets)] | [!String.IsEmpty(Skin.String(58.TV.DisableOverlay)) + Container.Content(tvshows)]</param>
						</include>
						<include condition="Skin.HasSetting(Disable.UnwatchedIcon)">UnwatchedEpisodeOverlay</include>
					</itemlayout>
					<focusedlayout height="110" width="560">
						<control type="group">
							<animation type="Focus" reversible="false">
								<effect type="zoom" start="95" end="100" time="300" tween="sine" easing="inout" center="auto" />
								<effect type="fade" start="80" end="100" time="300" tween="sine" easing="in" />
							</animation>
							<control type="image">
								<width>560</width>
								<height>110</height>
								<aspectratio>scale</aspectratio>
								<texture border="8" background="true">$VAR[BannerThumb]</texture>
								<bordersize>8</bordersize>
								<bordertexture border="8" infill="false" colordiffuse="$VAR[HighlightBarColor]">colors/white.png</bordertexture>
								<visible>!String.IsEmpty(ListItem.Art(banner)) | String.IsEmpty(ListItem.Art(fanart))</visible>
							</control>
							<control type="group">
								<visible>String.IsEmpty(ListItem.Art(banner))</visible>
								<control type="image">
									<width>560</width>
									<height>110</height>
									<aspectratio>scale</aspectratio>
									<texture border="8" background="true">$INFO[ListItem.Art(fanart)]</texture>
									<bordersize>8</bordersize>
									<bordertexture border="8" infill="false" colordiffuse="$VAR[HighlightBarColor]">colors/white.png</bordertexture>
								</control>
								<control type="image">
									<top>5</top>
									<width>300</width>
									<height>100</height>
									<aspectratio>keep</aspectratio>
									<texture background="true">$INFO[ListItem.Art(clearlogo)]</texture>
									<bordersize>8</bordersize>
								</control>
							</control>
							<include content="PosterStatusOverlay">
								<param name="left">518</param>
								<param name="top">8</param>
								<param name="size">34</param>
								<param name="visible">!String.IsEmpty(Skin.String(58.Movies.DisableOverlay)) + [Container.Content(movies) | Container.Content(sets)] | [!String.IsEmpty(Skin.String(58.TV.DisableOverlay)) + Container.Content(tvshows)]</param>
							</include>
							<include condition="Skin.HasSetting(Disable.UnwatchedIcon)" content="UnwatchedEpisodeOverlay">
								<param name="left">8</param>
								<param name="top">8</param>
							</include>
						</control>
					</focusedlayout>
				</control>
				<control type="scrollbar" id="95860">
					<left>108</left>
					<width>14</width>
					<include condition="!Skin.HasSetting(BannerPlex) | !Skin.HasSetting(Disable.BannerWallInfo)">BannerWallScrollbarHigh</include>
					<include condition="Skin.HasSetting(BannerPlex) + Skin.HasSetting(Disable.BannerWallInfo)">BannerWallScrollbarLow</include>
					<onup>95860</onup>
					<ondown>95860</ondown>
					<onright>50</onright>
					<onleft>SetProperty(MediaMenu,True,Home)</onleft>
					<onleft>SetFocus(9050)</onleft>
					<showonepage>false</showonepage>
					<texturesliderbackground colordiffuse="1AFFFFFF">colors/white50.png</texturesliderbackground>
					<texturesliderbar colordiffuse="1AFFFFFF">colors/white.png</texturesliderbar>
					<texturesliderbarfocus colordiffuse="$VAR[ThemeLabelColor]">colors/white.png</texturesliderbarfocus>
				</control>
				<control type="group">
					<left>1240</left>
					<top>120</top>
					<visible>!Skin.HasSetting(Disable.BannerWallInfo)</visible>
					<control type="image">
						<width>560</width>
						<height>330</height>
						<fadetime>300</fadetime>
						<aspectratio>scale</aspectratio>
						<texture border="2" background="true">$VAR[GlobalBackgroundVar]</texture>
						<bordersize>2</bordersize>
						<bordertexture border="2" infill="false">colors/black.png</bordertexture>
					</control>
					<control type="label">
						<top>325</top>
						<width>560</width>
						<height>60</height>
						<font>font16_title_bold</font>
						<textcolor>grey</textcolor>
						<scroll>true</scroll>
						<label>$VAR[FloorLabelVar]</label>
						<textoffsetx>15</textoffsetx>
					</control>
					<control type="button">
						<top>370</top>
						<width>559</width>
						<label>$INFO[ListItem.Genre,[COLOR grey],[/COLOR][CR]]$VAR[VideoSubLabelVar]</label>
						<textcolor>$VAR[UnWatchedEpColor]</textcolor>
						<include>DefaultButtonsValues</include>
						<visible>!ListItem.IsCollection</visible>
					</control>
					<control type="button">
						<top>370</top>
						<width>559</width>
						<label>$VAR[VideoGenreVar][CR]$INFO[Container(4500).NumItems,, $LOCALIZE[342]]</label>
						<include>DefaultButtonsValues</include>
						<visible>ListItem.IsCollection</visible>
					</control>
					<control type="textbox">
						<label>[COLOR $VAR[ThemeLabelColor]]$INFO[ListItem.Tagline,, - ][/COLOR]$VAR[VideoPlotVar]</label>
						<left>15</left>
						<top>456</top>
						<width>530</width>
						<height>299</height>
						<font>font14_textbox</font>
						<autoscroll time="3000" delay="4000" repeat="5000">Skin.HasSetting(Enable.AutoScroll) + !Control.HasFocus(95861)</autoscroll>
						<pagecontrol>95861</pagecontrol>
						<include>DefaultButtonsValues</include>
					</control>
					<control type="scrollbar" id="95861">
						<left>548</left>
						<top>468</top>
						<width>12</width>
						<height>302</height>
						<onleft>50</onleft>
						<onright>SetProperty(MediaMenu,True,Home)</onright>
						<onright>SetFocus(9050)</onright>
						<ondown>95861</ondown>
						<onup>95861</onup>
						<showonepage>false</showonepage>
						<texturesliderbackground colordiffuse="1AFFFFFF">colors/white50.png</texturesliderbackground>
						<texturesliderbar colordiffuse="1AFFFFFF">colors/white.png</texturesliderbar>
						<texturesliderbarfocus colordiffuse="$VAR[ThemeLabelColor]">colors/white.png</texturesliderbarfocus>
					</control>
				</control>
			</control>
		</control>
	</include>
	<include name="BannerWallInfoWidth">
		<width>1180</width>
	</include>
	<include name="BannerWallNoInfoWidth">
		<width>1680</width>
	</include>
	<include name="BannerWallHigh">
		<top>110</top>
		<height>770</height>
	</include>
	<include name="BannerWallLow">
		<top>550</top>
		<height>330</height>
	</include>
	<include name="BannerWallScrollbarHigh">
		<top>110</top>
		<height>770</height>
	</include>
	<include name="BannerWallScrollbarLow">
		<top>550</top>
		<height>330</height>
	</include>
</includes>